Sleep quality,Time in bed,Activity (steps),Stressful day Total,Drank coffee Total,Drank tea Total,Ate late Total,Worked out Total,Fell asleep
65,452,0,0,0,0,0,0,2231
89,530,0,0,1,1,0,0,2238
100,512,0,0,0,0,0,0,2257
87,442,0,0,0,1,0,0,2132
93,483,0,1,1,1,0,0,13
74,424,0,0,1,0,0,0,2216
70,405,0,0,1,1,0,0,2220
72,420,0,0,1,1,0,1,31
54,559,0,1,1,1,0,1,2053
99,530,0,0,1,1,0,0,2128
77,460,0,0,1,1,0,0,2139
92,483,0,0,0,1,0,1,2123
50,454,0,0,1,1,1,1,2147
67,467,0,0,1,1,0,0,2258
75,459,0,0,1,0,0,0,2201
83,474,0,0,1,1,0,1,2107
71,380,0,0,1,0,0,1,2226
71,394,0,0,1,1,0,1,2306
3,15,0,0,1,0,0,1,2345
81,458,0,0,1,1,0,1,2117
85,434,0,0,1,1,0,1,2213
93,506,0,0,0,0,0,0,2119
84,447,0,0,1,1,0,0,2245
86,481,0,0,0,1,0,1,2203
81,467,0,0,1,0,0,0,2203
70,460,0,0,1,0,0,1,2214
89,445,0,0,1,1,1,1,2254
67,507,0,0,1,0,0,0,2152
80,464,0,0,1,1,0,1,2146
81,460,0,0,0,1,0,1,2230
84,440,0,1,1,1,0,0,2220
76,449,0,0,1,1,0,1,2200
83,449,0,0,1,1,0,1,2258
79,446,0,0,1,0,0,1,2254
68,421,0,0,1,1,0,0,44
64,445,0,0,0,1,0,0,2219
78,506,0,0,0,1,0,1,2155
91,524,0,0,0,1,0,1,2140
79,449,0,0,0,1,0,1,2216
80,553,0,0,1,0,0,0,2213
75,416,0,1,1,0,0,1,2332
58,446,0,0,1,1,0,1,2258
86,587,0,0,1,0,0,0,2120
73,415,0,0,1,1,0,1,2300
94,540,0,0,1,1,0,1,2259
92,481,0,0,1,1,0,1,2224
80,461,0,0,1,1,0,1,2243
100,525,0,0,1,1,0,1,2308
90,455,0,0,1,0,0,1,2200
67,406,0,0,1,0,0,1,2301
65,399,0,0,1,0,0,1,2251
84,455,0,1,1,0,0,1,2239
82,450,0,0,1,0,0,1,2225
78,453,7200,0,1,0,1,1,2242
52,491,3786,0,1,1,0,0,2208
48,513,5631,0,1,0,0,0,2352
63,454,10266,0,1,1,0,1,2253
67,455,10540,1,1,0,0,1,2234
64,455,8164,0,1,0,0,1,2213
67,499,7271,0,1,1,0,1,2214
69,466,6366,0,0,1,0,1,2248
63,452,7967,0,1,1,0,1,2303
68,457,4542,1,0,1,0,1,2219
78,434,0,0,0,1,0,0,23
74,455,0,0,0,1,0,1,2124
87,462,0,0,1,1,0,1,2234
89,497,0,0,1,1,0,0,2230
82,420,0,0,0,0,0,0,2150
75,502,0,0,1,1,0,0,2307
76,442,0,0,1,1,0,1,2200
77,460,0,0,1,1,0,0,2237
70,427,0,0,1,1,1,0,2151
77,441,0,0,0,1,0,1,2135
61,303,0,1,1,1,0,1,158
66,408,0,0,1,1,0,1,2211
69,416,0,0,1,1,0,1,2218
80,482,0,0,1,1,0,1,2142
93,470,0,0,1,0,0,1,2229
87,559,0,0,1,0,0,0,2055
71,434,0,1,1,0,0,1,2146
76,457,0,1,1,1,0,0,2143
77,453,0,0,1,0,0,0,2336
59,480,0,0,1,0,0,0,2220
87,484,0,0,1,0,0,0,2254
91,527,0,0,1,0,0,0,2201
69,409,0,0,1,1,0,1,2234
69,437,0,0,1,0,0,1,9
74,481,0,0,1,1,1,1,2159
88,569,0,0,1,0,0,0,2014
68,460,0,0,0,1,0,1,2240
77,415,0,0,1,1,0,0,2309
61,463,0,0,1,1,0,1,2147
84,452,0,0,1,1,0,1,2217
78,481,0,0,1,0,0,1,2134
95,497,0,0,1,1,0,0,2313
59,452,0,1,1,1,0,1,2350
75,443,0,0,1,1,0,1,2246
65,466,0,0,1,0,0,1,2220
93,474,0,0,1,1,0,1,19
69,439,0,0,1,1,0,1,2157
69,412,0,0,1,1,0,0,2328
10,46,0,0,0,0,0,0,458
80,443,0,0,1,1,1,1,2207
68,423,0,0,1,1,0,1,2201
72,538,0,0,1,1,0,1,2111
64,535,0,0,1,1,0,1,2123
69,443,0,0,1,0,0,0,2236
86,440,0,0,1,1,0,0,2210
90,469,0,0,1,0,0,0,2159
90,482,0,0,0,1,0,1,2112
86,460,0,1,0,1,0,1,2120
100,511,0,1,1,0,0,0,27
75,457,0,0,1,1,0,1,2232
59,400,0,0,1,0,0,1,2219
57,411,0,0,1,1,0,0,45
72,480,0,0,1,1,0,1,2219
83,471,0,0,0,1,0,1,2228
76,496,0,0,1,0,0,0,2244
65,431,0,0,1,1,0,1,2249
79,513,0,0,1,1,0,0,2353
85,503,0,0,1,1,0,1,2206
74,404,0,0,1,1,0,1,2215
76,435,0,0,1,1,0,1,2211
81,475,0,0,1,1,0,1,2225
82,445,0,0,1,1,0,1,2202
69,471,0,0,1,0,0,0,2144
66,453,0,0,1,0,0,1,2157
88,490,0,0,1,0,0,0,2227
76,438,0,0,1,0,0,1,2207
77,476,0,0,1,1,0,1,2243
87,570,0,0,1,0,0,0,2217
79,429,0,0,0,1,0,0,2240
80,534,0,0,1,0,0,0,2237
81,551,0,0,1,0,0,1,2113
80,536,0,0,1,1,0,0,2122
81,527,0,0,1,1,0,0,2238
65,433,0,0,1,1,0,1,2206
81,489,0,0,1,1,1,1,2125
82,481,0,0,1,0,0,0,2328
82,439,0,1,1,1,0,1,2235
85,509,0,0,1,0,0,1,2150
65,427,0,0,1,1,0,1,46
89,491,0,0,1,0,0,1,2208
79,481,0,0,1,0,0,1,2219
100,516,0,0,1,0,0,0,2204
83,493,0,0,1,1,0,1,2216
74,396,0,0,1,1,0,0,2344
70,448,0,0,1,0,0,1,2302
85,520,0,0,1,0,0,1,2134
70,365,0,0,1,0,0,1,2326
88,489,0,0,1,0,0,1,2221
82,502,0,0,0,1,0,1,2203
76,500,0,0,1,0,0,1,2156
68,478,0,0,1,1,0,0,2232
64,338,0,0,1,1,0,1,46
79,474,0,0,1,1,0,1,2328
85,491,0,0,1,0,0,1,2139
64,494,0,0,1,0,0,0,2216
85,479,0,0,1,0,0,0,2218
62,418,0,1,1,0,0,1,2348
96,493,0,0,1,0,0,1,2202
75,436,0,1,1,0,0,1,2248
87,467,0,0,1,0,0,1,32
81,448,0,0,1,0,0,1,2245
95,501,0,1,1,0,0,1,2249
56,628,7901,0,1,0,0,0,2204
49,467,4015,0,1,0,0,1,2233
40,489,3698,0,1,0,0,1,2210
61,512,827,0,1,0,0,0,2328
49,479,4399,0,1,0,0,1,2221
70,490,7370,0,0,1,0,1,2211
54,410,4374,0,1,0,0,1,2308
65,473,9243,0,0,1,0,1,2226
70,596,908,0,1,0,0,0,2226
54,416,8954,0,1,1,0,0,2329
62,458,9726,0,1,1,0,1,2224
54,468,8612,0,0,1,0,1,2233
71,482,10375,0,1,1,0,1,2318
56,440,7385,0,1,1,0,1,2358
73,464,5825,0,0,1,0,0,2315
88,519,6536,0,0,1,0,1,2200
89,510,5628,0,1,1,0,0,2309
3,16,0,1,0,0,0,0,2117
72,404,0,0,1,1,0,0,2212
83,432,0,0,1,1,0,0,34
78,438,0,0,1,0,1,0,2134
81,559,0,1,1,1,0,0,2059
78,488,0,0,0,1,0,0,2212
100,551,0,0,0,1,0,1,2101
88,433,0,0,1,1,0,1,2148
64,433,0,0,1,1,0,0,2155
75,469,0,0,0,1,0,0,2230
74,409,0,0,1,0,0,0,110
84,487,0,0,1,0,0,0,2211
81,412,0,0,0,1,0,0,2209
89,454,0,0,0,1,0,1,2122
91,461,0,0,0,0,0,0,2239
23,115,0,0,0,0,0,0,345
88,468,0,0,1,1,0,1,2231
77,409,0,0,1,1,0,1,141
78,439,0,0,1,1,0,1,2135
90,492,0,0,1,1,0,1,2233
67,468,0,0,1,0,0,0,2157
81,521,0,0,1,1,0,1,2134
82,482,0,0,0,1,0,0,2257
77,460,0,0,1,1,0,1,32
88,461,0,0,1,1,0,1,2159
72,443,0,0,1,1,0,0,2257
58,385,0,0,1,1,0,1,120
84,437,0,0,1,1,0,1,2303
75,411,0,0,1,1,0,0,2219
79,448,0,1,1,1,0,1,2217
100,517,0,0,1,1,0,1,2107
80,443,0,0,1,0,0,1,2206
79,447,0,0,1,1,0,0,2233
66,481,0,0,1,0,0,1,2218
74,515,0,1,1,0,0,1,2217
69,508,0,0,1,0,0,0,2312
90,496,0,0,0,1,0,1,2201
98,491,0,0,0,1,0,0,2320
90,519,0,0,1,0,0,1,2225
89,462,0,0,1,1,0,1,2247
85,453,0,0,1,1,0,1,2218
74,452,0,0,1,1,0,1,2248
87,480,0,1,1,1,0,1,2307
83,556,0,0,1,0,0,1,2053
72,480,0,1,1,0,0,0,2207
87,507,0,0,1,0,1,1,2207
83,435,0,0,1,0,0,1,2234
77,428,0,1,1,0,0,1,2257
35,489,2668,0,1,0,0,1,2213
46,457,3887,0,1,0,0,1,2349
58,451,359,0,1,1,0,1,2253
55,464,6963,0,0,1,0,1,2222
59,469,21870,0,1,1,0,1,2238
70,456,5971,0,1,1,0,0,2337
80,481,847,0,1,1,0,0,2300
80,493,10585,0,0,1,0,1,2126
73,445,10248,0,1,1,0,1,2244
66,508,8587,0,0,1,0,1,2153
56,465,10106,0,0,1,0,1,2228
52,361,10506,1,1,1,0,0,13
70,455,6608,0,0,1,0,1,2216
62,416,7119,0,1,1,0,1,2251
68,421,6149,0,1,1,0,0,2238
75,496,595,0,0,1,0,0,2201
98,510,0,0,0,0,0,0,2242
67,425,0,0,1,1,0,1,2223
72,452,0,0,1,1,0,0,2247
65,354,0,0,1,1,0,0,122
90,474,0,0,0,1,0,1,2142
72,456,0,0,1,1,0,1,2144
79,533,0,0,1,1,0,0,2122
85,470,0,0,0,1,0,1,2351
97,456,0,0,1,1,0,0,2316
78,445,0,0,0,1,0,1,2219
82,419,0,0,1,1,0,0,2320
77,412,0,1,1,1,0,0,2313
79,448,0,0,1,1,0,0,2249
76,479,0,0,1,1,0,1,2220
92,544,0,1,0,1,0,1,2112
81,454,0,0,1,1,0,0,2238
69,479,0,1,1,1,0,1,2221
79,462,0,0,1,1,0,1,2202
88,487,0,1,1,0,0,0,2152
90,510,0,1,1,0,0,0,2114
84,480,0,0,1,0,0,0,2200
81,455,0,0,1,0,0,1,6
79,488,0,0,1,1,0,1,2207
13,60,0,0,0,0,0,0,500
67,488,0,0,1,1,0,1,2212
77,459,0,0,1,1,0,0,2241
96,526,0,0,1,1,0,0,2259
73,410,0,0,1,1,0,1,2310
87,477,0,0,1,1,0,1,2233
82,481,0,0,1,1,0,1,2141
72,455,0,1,1,1,1,0,2244
78,440,0,0,1,0,0,0,2258
72,453,0,0,1,0,0,1,2147
77,459,0,0,1,1,0,1,2247
88,464,0,0,0,1,0,1,2159
70,388,0,0,0,1,0,1,2322
92,478,0,0,0,1,0,1,2135
83,427,0,0,0,1,0,0,2344
98,502,0,0,1,1,0,0,2246
81,480,0,0,1,1,1,1,2148
53,390,0,0,1,1,0,1,51
77,465,0,0,1,1,0,1,2227
95,473,0,0,1,1,0,1,2223
95,527,0,0,1,0,0,1,2127
89,474,0,0,1,0,1,0,2220
74,380,0,0,1,1,0,1,2310
81,513,0,0,0,1,0,0,2134
75,415,0,0,1,0,0,0,2234
93,598,0,0,0,1,0,0,2242
77,459,0,0,0,1,0,0,2252
86,480,0,0,1,0,0,1,2232
78,422,0,0,1,0,0,1,2313
87,472,0,0,1,0,0,1,2307
99,575,0,0,1,0,0,0,2220
74,489,0,0,1,0,0,0,2347
67,454,7025,0,0,1,0,1,2246
67,500,7255,0,1,1,0,1,6
55,506,4555,0,1,0,0,0,2323
52,393,8737,0,0,1,0,1,7
71,510,779,0,1,0,0,0,2300
54,339,6044,0,1,1,0,0,138
72,450,9368,0,1,1,0,1,2255
80,548,6716,1,1,0,0,0,2249
65,469,6623,0,1,0,0,0,2158
77,541,0,0,1,1,0,0,2227
83,411,0,0,1,1,0,0,211
67,456,0,0,1,1,0,1,2153
77,460,0,1,1,1,0,0,2239
86,470,0,0,1,1,0,0,2229
82,481,0,0,1,1,0,0,2217
91,483,0,0,1,1,0,1,2357
82,417,0,0,1,0,0,1,2230
84,456,0,0,1,1,0,0,2204
75,423,0,0,0,1,0,1,2157
72,407,0,0,0,1,0,1,2204
73,453,0,0,1,0,0,1,1
74,445,0,0,1,0,0,1,2254
78,433,0,0,1,0,0,1,2154
82,463,0,1,1,0,0,1,2237
98,571,0,1,1,0,0,0,2229
68,487,0,1,1,1,0,1,2132
88,480,0,0,1,0,0,1,2140
97,546,0,0,1,0,0,1,2255
97,457,0,0,1,0,0,1,19
77,466,0,0,1,0,0,0,2214
85,479,0,0,0,1,0,0,2200
83,476,0,1,1,0,0,1,2233
80,500,0,0,1,1,0,1,2159
77,449,0,0,1,1,0,1,2137
62,376,0,0,1,1,0,1,2357
88,522,0,0,1,1,0,0,2138
81,475,0,0,1,1,0,0,2238
83,489,0,0,1,1,0,1,2200
74,448,0,1,1,1,0,0,2217
78,458,0,0,1,1,1,0,2156
79,597,0,0,1,0,0,1,2217
70,432,0,0,1,0,0,1,2220
68,380,0,0,0,1,0,1,15
92,497,0,0,1,0,0,0,2333
85,463,0,0,1,1,0,1,2241
79,539,0,0,1,1,0,1,2121
79,460,0,0,0,0,0,0,2154
83,450,0,0,1,1,0,1,2210
83,419,0,0,1,1,0,1,2350
91,499,0,0,1,0,0,1,2314
71,438,0,0,0,0,0,1,2233
77,419,0,0,1,0,0,1,2232
82,461,0,0,1,0,0,1,2241
83,443,0,1,1,0,0,1,2232
86,492,0,0,0,0,0,0,2149
35,310,0,0,1,0,0,0,2225
51,450,4213,0,1,0,0,1,2308
55,493,3040,0,1,0,0,1,2206
36,468,10059,0,1,0,0,0,2252
58,381,7048,0,1,0,0,1,45
57,456,10842,0,0,1,0,1,2239
70,509,8047,0,0,1,0,1,2226
53,449,7230,0,1,0,0,1,2250
65,436,9308,0,1,0,0,1,2248
50,447,3932,0,1,1,0,0,2252
81,520,7682,0,1,0,0,0,7
66,454,8641,0,1,1,0,0,16
72,458,2870,1,1,1,0,0,2252
74,471,737,0,1,1,0,0,2325
83,470,7499,0,0,1,0,1,2235
71,417,3196,0,0,1,0,0,2333
69,447,0,0,1,1,0,1,2132
88,436,0,0,1,1,0,0,2258
93,471,0,0,1,1,0,0,2355
58,432,0,0,1,0,0,0,2151
75,480,0,0,1,1,0,1,2145
70,427,0,0,0,1,0,1,2303
85,497,0,0,1,0,0,0,2155
80,447,0,0,1,1,0,1,2156
81,421,0,0,1,1,0,1,28
100,540,0,0,1,1,0,0,2253
53,438,0,0,1,0,0,1,2141
83,474,0,0,1,1,0,1,2223
59,422,0,0,0,1,0,1,2222
74,398,0,0,1,1,0,1,2247
81,469,0,0,1,1,0,1,2310
72,423,0,0,1,0,0,0,2316
86,494,0,1,1,0,0,1,2229
88,419,0,0,1,0,0,1,26
65,302,0,0,1,0,0,0,1
84,466,0,0,1,0,0,0,2341
58,420,0,0,1,0,0,0,2144
79,492,0,0,1,0,0,1,2148
85,479,0,0,1,1,0,0,2201
83,449,0,0,1,1,0,1,2240
77,406,0,0,1,1,0,1,2210
77,472,0,0,1,1,0,1,2136
83,453,0,0,0,1,0,0,2157
69,414,0,0,1,1,0,1,2326
68,479,0,0,0,1,0,0,2220
80,482,0,0,1,0,0,0,2207
85,504,0,0,1,1,0,0,2349
73,437,0,0,1,1,0,1,2210
77,555,0,0,1,1,0,0,2113
84,470,0,0,1,0,0,0,2345
38,330,0,0,1,0,0,0,2341
70,431,0,0,1,1,0,0,2308
75,452,0,0,0,1,0,1,2250
69,377,0,0,1,0,0,1,133
66,433,0,0,1,0,0,1,2312
62,545,0,0,1,0,0,0,2123
67,432,0,0,0,1,0,0,2204
9,42,0,0,0,0,0,0,537
81,429,0,0,1,1,0,1,2247
72,416,0,0,1,0,0,1,19
83,474,0,0,1,1,0,1,2206
74,419,0,0,1,0,0,0,2300
83,449,0,0,1,0,0,1,2211
77,445,0,0,1,0,0,1,2310
92,482,0,0,1,0,0,1,2213
99,530,0,0,1,0,0,1,2124
98,490,0,0,1,0,0,1,2320
77,434,0,0,1,0,0,1,2236
84,427,0,0,1,0,0,1,2303
96,464,0,1,1,1,0,0,2205
36,504,3444,0,1,0,0,1,2158
54,499,2210,0,1,0,0,1,2151
67,549,5038,0,1,0,0,0,2238
41,560,2542,0,0,1,0,1,2100
69,470,5658,0,0,1,0,1,2231
61,461,7107,0,0,1,0,1,2228
33,437,6925,0,0,1,0,0,2244
59,492,5955,0,0,1,0,1,2155
60,487,11650,0,0,1,0,1,2214
55,483,8733,1,0,1,0,1,2217
66,481,6719,0,1,1,0,0,2221
100,486,0,0,1,1,0,0,2214
65,441,8273,0,1,1,0,1,2304
81,485,1540,0,0,1,0,0,2347
16,73,0,0,0,0,0,0,506
83,455,0,1,1,1,0,0,2236
78,373,0,0,1,1,0,1,2
92,535,0,0,1,1,0,0,2254
87,482,0,0,1,0,0,0,2218
69,469,0,0,1,1,0,0,2230
69,445,0,0,1,0,0,0,2254
75,452,0,0,1,1,0,0,2148
100,541,0,0,0,1,0,0,2117
77,459,0,1,1,1,0,0,2131
87,446,0,1,1,1,0,1,2146
93,646,0,1,0,1,0,0,2103
85,443,0,0,1,1,0,0,2205
78,420,0,0,1,1,0,0,2219
70,325,0,0,1,1,0,1,2220
63,451,0,0,1,0,0,0,2128
76,408,0,0,1,1,0,1,2209
69,511,0,0,1,0,0,0,2138
83,450,0,0,1,1,1,0,2159
60,442,0,0,1,1,0,1,2257
55,383,0,0,1,0,0,0,31
83,442,0,0,1,1,1,1,2237
50,408,0,0,1,1,0,0,101
83,452,0,0,1,1,0,1,2256
72,493,0,0,1,1,0,0,2217
70,369,0,0,1,1,1,0,2251
93,493,0,1,0,1,0,1,2157
77,494,0,0,1,0,0,0,8
75,468,0,0,1,1,0,1,2246
79,530,0,0,1,0,0,0,2133
84,440,0,0,1,1,0,1,2202
88,499,0,0,1,1,0,1,2147
91,520,0,0,0,1,0,0,2255
84,465,0,1,1,0,0,0,2207
90,531,0,1,1,0,0,1,2133
85,499,0,0,1,0,0,0,2204
94,486,0,0,1,0,0,1,2218
95,486,0,0,1,1,0,1,2215
82,413,0,0,0,1,0,1,2247
67,519,0,0,1,0,0,0,2144
94,521,0,1,1,1,0,1,2143
75,532,0,0,1,1,0,0,2134
81,463,0,0,0,1,0,0,2230
87,451,0,0,1,1,1,1,2207
93,471,0,0,1,1,0,0,2320
79,434,0,1,1,0,0,0,2226
76,390,0,0,1,0,0,1,0
90,480,0,0,1,0,0,0,2332
96,492,0,0,1,0,0,1,2253
76,457,0,0,1,0,0,1,2223
86,487,0,0,1,0,0,1,2154
60,434,1130,0,1,0,0,0,2305
57,475,2191,0,1,0,0,1,2228
60,479,5765,0,0,1,0,0,2211
60,429,10392,0,1,1,0,1,2310
61,484,8406,0,1,0,0,1,2226
68,443,1283,0,1,0,0,1,2246
65,437,8981,0,1,1,0,1,2237
72,560,5274,0,0,1,0,0,2214
70,476,2670,0,1,0,0,0,2310
79,563,4629,0,0,1,0,0,2248
89,482,3158,0,1,1,0,0,118
78,431,3391,0,1,1,0,0,2235
72,452,7709,0,0,1,0,1,2213
85,481,168,0,0,1,0,0,2214
86,453,8488,0,1,1,0,0,2356
83,482,3448,0,1,1,0,1,2202
79,442,3094,0,0,1,0,0,34
75,451,7112,0,0,1,0,0,2129
89,474,12802,0,0,1,0,1,2327
84,474,1734,0,1,1,0,0,2220
76,489,6368,0,0,1,0,0,2222
89,455,4772,0,1,1,0,0,2234
78,456,5379,0,1,1,0,1,2244
85,495,6010,0,0,1,0,1,2054
85,491,2309,0,1,1,0,0,2219
54,405,4200,0,1,1,0,1,2212
80,429,2983,0,1,1,0,0,2358
63,394,3228,0,1,0,0,0,2327
68,455,6833,0,1,1,0,0,2345
71,470,7552,0,1,1,1,1,2230
71,415,5339,0,1,1,0,0,2334
79,468,3361,0,0,1,0,0,28
63,556,2756,0,1,1,0,0,2149
66,484,460,0,1,1,0,0,2212
12,55,5862,0,0,0,0,0,534
83,451,4258,0,0,1,0,0,2130
12,57,7351,0,0,0,0,0,543
80,426,6388,0,1,1,1,1,246
96,496,6785,0,1,1,0,0,12
86,494,2679,0,1,1,0,0,2242
89,497,5933,0,0,1,0,1,2106
79,438,2750,0,1,1,0,0,2
89,534,302,0,0,1,0,0,2226
100,476,3549,0,1,1,0,0,2319
83,449,3554,0,1,1,0,1,2203
81,489,8396,0,0,1,0,1,2201
78,431,7823,0,1,1,0,1,2229
68,427,14408,0,1,1,0,1,2312
93,531,8615,0,1,1,0,1,2242
86,464,2666,0,1,1,0,0,53
64,471,6551,0,1,1,0,1,2248
83,549,8072,0,1,1,0,1,2236
90,517,3357,1,1,1,0,0,2339
72,467,7491,0,1,1,0,1,2228
64,389,6073,0,1,1,0,1,2333
90,476,6764,0,1,1,0,1,2244
75,461,1450,0,1,0,0,0,2237
80,461,4562,0,1,1,0,1,2259
76,494,5391,1,1,1,0,1,2138
88,462,7711,1,1,0,0,1,2228
70,510,255,0,0,1,0,0,2147
75,501,6430,0,1,0,1,1,2159
74,474,9204,0,0,0,0,0,2218
31,153,12153,0,0,0,0,0,501
76,468,7106,0,0,0,0,0,2219
74,464,114,0,0,0,0,0,2326
66,459,5251,0,0,0,0,0,2222
81,432,17770,0,0,0,0,0,31
70,446,6672,0,0,0,0,0,2257
74,468,7474,0,0,0,0,0,2207
77,463,7007,0,0,0,0,0,2231
66,475,6430,0,0,0,0,0,2148
67,433,6915,0,0,0,0,0,2312
73,477,11076,0,0,0,0,0,2233
72,529,3834,0,0,0,0,0,2200
5,21,6485,0,0,0,0,0,534
51,477,1552,0,0,0,0,0,2153
82,459,1837,0,0,0,0,0,2239
81,480,5152,0,0,0,0,0,2337
81,453,5280,0,0,0,0,0,2232
86,484,6059,0,0,0,0,0,2203
73,506,2429,0,0,0,0,0,2314
71,461,7213,0,0,0,0,0,2250
84,494,3230,0,0,0,0,0,2307
83,482,10076,0,0,0,0,0,2206
81,450,8922,0,0,0,0,0,2238
75,424,5320,0,0,0,0,0,2336
76,467,5184,0,0,0,0,0,2216
49,333,9304,0,0,0,0,0,2329
73,481,5050,0,0,0,0,0,2217
83,471,5919,0,0,0,0,0,2329
80,526,2809,0,0,0,0,0,2314
93,574,52,0,0,0,0,0,2116
79,506,75,0,0,0,0,0,2139
71,607,1588,0,0,0,0,0,2157
59,502,4553,0,0,0,0,0,2130
69,429,4287,0,0,0,0,0,2247
91,545,5064,0,0,0,0,0,2219
78,501,3342,0,0,0,0,0,2141
70,588,6296,0,0,0,0,0,2150
73,468,9237,0,0,0,0,0,2202
91,491,3281,0,0,0,0,0,2308
72,452,1325,0,0,0,0,0,2229
96,548,362,0,0,0,0,0,2229
80,446,7565,0,0,0,0,0,2234
82,508,5039,0,0,0,0,0,2144
95,515,0,0,0,0,0,0,2339
91,504,1901,0,0,0,0,0,2244
72,465,6970,0,0,0,0,0,2209
71,536,3316,0,0,0,0,0,2124
79,500,3088,0,0,0,0,0,2205
70,426,47,0,0,0,0,0,2154
92,547,1720,0,0,0,0,0,2213
81,447,6518,0,0,0,0,0,121
80,560,3319,0,0,0,0,0,2125
81,431,64,0,0,0,0,0,2349
84,440,7293,0,0,1,0,0,2348
84,496,202,0,0,1,0,0,2207
65,477,7122,0,1,1,0,0,2242
92,495,1740,0,1,1,0,0,2214
84,437,3492,0,1,1,0,0,2255
91,482,4573,0,1,1,0,0,2322
59,415,3588,0,1,1,0,0,2317
44,468,5558,0,1,1,0,0,2236
93,500,3027,0,1,1,0,0,2349
72,431,5499,0,1,1,0,0,2314
71,464,9185,0,1,1,0,1,2233
95,484,7887,0,1,1,0,1,2233
80,387,9461,0,1,1,0,0,210
73,395,7948,0,1,1,0,1,2345
73,462,4581,0,0,1,0,0,2323
66,461,780,0,1,1,0,0,2212
75,446,7905,0,1,1,0,1,2215
72,447,10319,0,1,1,0,1,2307
68,486,7337,0,1,1,0,1,2225
77,496,4810,0,1,1,0,1,2147
73,452,5954,0,1,1,0,1,2237
66,463,8598,0,1,1,0,1,2228
82,452,2854,0,1,1,0,0,2243
70,452,14276,0,1,0,0,1,14
81,463,3770,0,1,0,0,1,18
72,556,8205,0,1,0,0,1,2156
93,512,10373,0,0,0,0,0,2144
68,458,5027,0,0,0,0,0,2234
10,47,0,0,0,0,0,0,616
80,438,3584,0,0,0,0,0,2314
81,451,7187,0,0,0,0,0,2234
58,424,6246,0,0,0,0,0,2246
94,524,13476,0,0,0,0,0,2215
74,528,2257,0,0,0,0,0,2124
65,482,4443,0,0,0,0,0,2204
80,493,5142,0,0,0,0,0,2144
76,425,5551,0,0,0,0,0,2255
55,527,4507,0,0,0,0,0,2256
82,490,5210,0,0,0,0,0,2150
65,462,6636,0,0,0,0,0,2218
83,471,5355,0,0,0,0,0,2215
70,455,5504,0,0,0,0,0,2230
90,523,144,0,0,0,0,0,2101
84,491,1751,0,0,0,0,0,2306
63,473,6346,0,0,0,0,0,2156
0,0,47,0,0,0,0,0,2028
83,481,1334,0,0,0,0,0,2209
77,411,2262,0,0,0,0,0,2253
79,435,2818,0,0,0,0,0,2245
84,447,6631,0,0,0,0,0,2245
84,476,22,0,0,0,0,0,2204
84,543,4881,0,0,0,0,0,2058
69,449,29,0,0,0,0,0,2130
73,449,2435,0,0,0,0,0,2318
76,498,5598,0,0,0,0,0,2307
79,475,7137,0,0,1,0,1,2144
82,439,5776,0,1,0,0,1,107
69,485,4509,0,1,1,0,0,2317
92,540,3868,0,1,1,0,0,2325
73,394,5216,0,1,1,0,0,2235
17,79,5216,0,0,0,0,0,511
87,449,10856,0,1,1,0,1,2240
24,128,4540,0,0,0,0,0,512
96,509,4223,0,0,1,0,0,2312
62,388,12892,1,1,1,0,1,2231
100,510,3417,0,0,1,0,0,2237
87,481,7351,0,1,1,0,1,2139
85,487,6109,0,1,1,0,0,2223
93,487,171,0,1,1,0,0,2201
71,433,7028,0,1,1,0,1,2148
99,547,10528,0,1,1,0,0,2255
79,454,7708,0,1,1,0,1,2229
90,499,2835,0,1,1,0,1,2201
88,607,4787,0,0,1,0,0,2145
85,480,8358,0,1,1,0,1,2220
59,441,6932,0,1,1,0,1,2259
75,454,7661,0,1,1,0,1,2255
88,430,82,1,1,1,0,1,2317
74,467,7820,0,1,0,0,1,2230
78,472,6507,0,0,0,0,0,2218
70,442,12647,0,0,0,0,0,2236
70,497,5925,0,0,0,0,0,2208
71,446,4840,0,0,0,0,0,2251
87,489,4336,0,0,0,0,0,2145
76,511,1114,0,0,0,0,0,2259
99,548,3045,0,0,0,0,0,2303
79,462,5541,0,0,0,0,0,2258
30,420,10605,0,0,0,0,0,2337
81,495,3001,0,0,0,0,0,2301
77,459,5470,0,0,0,0,0,2226
79,453,6235,0,0,0,0,0,3
69,501,2757,0,0,0,0,0,2144
100,540,907,0,0,0,0,0,2113
62,411,7603,0,0,0,0,0,2252
96,551,847,0,0,0,0,0,2204
82,484,4153,0,0,0,0,0,2158
60,424,1566,0,0,0,0,0,2247
75,524,1306,0,0,0,0,0,2210
64,542,2405,0,0,0,0,0,2207
78,478,7982,0,0,0,0,0,2202
91,548,56,0,0,0,0,0,2154
71,451,4904,0,0,1,0,0,2140
89,481,3763,0,1,1,0,0,2112
81,458,6964,0,1,1,0,0,2256
74,500,4114,0,0,1,0,0,2157
74,480,5701,1,1,1,0,0,2307
87,489,3669,0,0,1,0,0,2147
73,427,2562,0,1,1,0,0,2214
64,502,4336,0,0,1,0,0,2203
74,430,6003,0,1,1,0,0,2151
85,545,3744,0,1,1,0,0,2113
81,462,6212,0,0,1,0,1,2120
79,421,1913,0,1,1,0,0,2320
67,436,4153,0,0,0,0,0,2239
83,492,889,0,1,1,0,0,2352
59,456,6284,0,1,1,0,1,2243
74,463,2668,0,1,1,0,0,2339
81,498,4310,0,1,0,0,0,2151
18,100,0,0,0,0,0,0,604
83,490,3403,0,0,0,0,0,2208
86,521,8946,0,0,0,0,0,2152
74,455,4260,0,0,0,0,0,2225
81,494,3919,0,0,0,0,0,2230
78,403,5342,0,0,0,0,0,110
68,408,135,0,0,0,0,0,106
74,455,2899,0,0,0,0,0,2229
81,447,9185,0,0,0,0,0,2201
35,496,7581,0,0,0,0,0,2036
81,441,4835,0,0,0,0,0,46
56,447,12094,0,0,0,0,0,2239
69,464,3640,0,0,0,0,0,2219
80,505,388,0,0,0,0,0,2258
75,469,3709,0,0,0,0,0,2208
79,530,3789,0,0,0,0,0,2339
80,454,430,0,0,0,0,0,2233
100,545,5116,0,0,0,0,0,2314
77,541,0,0,0,0,0,0,2054
82,507,218,0,0,0,0,0,2204
66,404,2334,0,0,0,0,0,2315
77,464,5277,0,0,0,0,0,2218
65,323,4810,0,0,0,0,0,220
72,412,2528,0,0,0,0,0,2309
80,553,6555,0,0,0,0,0,2136
82,452,10521,0,1,1,0,1,2246
74,452,12258,0,1,1,0,1,2325
71,432,4540,0,0,1,0,0,2158
75,456,7665,0,1,1,0,0,2253
68,400,4076,0,1,1,0,0,2346
81,475,6388,0,1,1,0,1,2222
97,501,4670,0,1,1,0,0,2201
72,432,7155,0,0,1,0,1,2202
76,441,7810,0,1,1,0,1,2220
95,594,4595,0,0,1,0,0,2122
75,449,8646,0,1,1,0,1,0
65,340,771,0,1,0,0,0,52
70,439,11355,0,0,1,0,1,2221
74,551,1318,0,0,1,0,0,2142
83,464,1510,0,1,1,0,0,6
95,527,4280,0,1,1,0,1,2152
73,419,4068,0,1,1,0,1,42
73,486,3298,0,0,1,0,0,4
73,472,5606,0,1,1,0,1,104
90,546,8858,0,0,1,0,1,2229
69,485,1867,0,1,1,0,0,2205
72,457,4898,0,0,0,0,0,2232
59,420,7064,0,0,0,0,0,2337
73,461,10604,0,0,0,0,0,2237
89,432,1018,0,0,0,0,0,2320
77,414,893,0,0,0,0,0,2315
59,390,4488,0,0,0,0,0,2322
89,544,7268,0,0,0,0,0,2233
79,479,5095,0,0,0,0,0,2202
55,408,6075,0,0,0,0,0,2343
79,479,4400,0,0,0,0,0,2206
72,464,5242,0,0,0,0,0,2223
79,462,3951,0,0,0,0,0,2227
88,551,356,0,0,0,0,0,2303
79,440,71,0,0,0,0,0,25
59,301,5364,0,0,0,0,0,150
78,454,1430,0,0,0,0,0,2226
74,536,5051,0,0,0,0,0,2125
89,482,787,0,0,0,0,0,2323
76,438,6094,0,0,0,0,0,2311
68,451,9426,0,0,0,0,0,2226
63,475,27,0,0,0,0,0,2210
73,442,0,0,0,0,0,0,2236
63,425,3400,0,0,0,0,0,2310
97,635,373,0,0,0,0,0,2119
75,470,5168,0,0,0,0,0,6
75,608,61,0,0,0,0,0,2200
76,437,475,0,0,0,0,0,2231
86,526,2101,0,0,0,0,0,2313
71,458,6224,0,0,0,0,0,2131
71,471,5752,0,0,0,0,0,2209
59,482,9516,0,0,0,0,0,2246
71,601,4454,0,0,0,0,0,2221
73,498,2867,0,0,0,0,0,2141
72,403,2149,0,0,0,0,0,2317
93,438,68,0,0,0,0,0,2241
78,480,4514,0,0,1,0,0,2145
69,435,9338,0,1,1,0,1,2332
96,526,2335,0,0,1,0,0,2149
74,449,7521,0,1,1,0,1,2241
21,96,12892,0,0,0,0,0,500
12,93,6003,0,0,0,0,0,502
81,439,5862,0,1,1,0,0,2215
90,481,7000,0,1,1,0,1,2213
74,496,11475,0,1,1,0,1,2200
77,502,3958,0,1,1,0,0,2157
82,508,3884,0,0,1,0,1,2209
86,439,6964,0,1,1,0,1,2226
67,426,6705,0,1,0,0,0,2314
41,460,10542,0,1,1,0,1,2254
7,34,804,0,0,0,0,0,735
90,531,6043,0,0,0,0,0,2124
77,480,5510,0,0,0,0,0,2232
69,340,3739,0,0,0,0,0,212
84,519,5157,0,0,0,0,0,2200
84,471,3901,0,0,0,0,0,2157
38,413,5221,0,0,0,0,0,2329
67,438,7940,0,0,0,0,0,2232
83,514,5029,0,0,0,0,0,2156
75,440,7101,0,0,0,0,0,2244
76,433,4906,0,0,0,0,0,2124
71,458,5314,0,0,0,0,0,2232
74,489,7129,0,0,0,0,0,2151
91,540,1097,0,0,0,0,0,2251
86,453,6494,0,0,0,0,0,2226
80,434,6417,0,0,0,0,0,2254
83,472,0,0,0,0,0,0,2233
70,469,96,0,0,0,0,0,2216
68,489,7339,0,0,0,0,0,2147
67,437,7253,0,0,0,0,0,2344
91,535,2291,0,0,0,0,0,2252
17,84,3763,0,0,0,0,0,514
93,482,7787,0,0,1,0,1,2239
90,569,10344,0,1,1,0,0,2314
64,437,8076,0,1,1,1,0,2213
57,397,173,0,0,1,0,0,2223
78,518,5056,0,0,1,0,0,2307
21,102,4200,0,0,0,0,0,458
83,478,3301,0,1,1,0,0,2233
76,463,7419,0,0,1,0,0,2243
77,427,4275,0,0,1,0,0,40
81,454,2499,0,1,0,0,0,2216
80,473,1572,0,1,1,0,0,2239
88,461,3695,0,1,1,0,0,2335
78,502,7562,0,0,1,0,1,2119
92,483,1898,0,0,1,0,0,2158
6,27,0,0,0,0,0,0,603
75,471,8213,0,0,0,0,0,2139
75,479,3042,0,1,0,0,0,2231
83,440,11070,0,1,1,0,1,25
73,456,1865,0,0,1,0,0,2241
73,484,4565,0,0,1,0,1,2219
67,467,10427,0,0,0,0,0,7
69,508,7778,0,0,0,0,0,2153
65,506,5504,0,0,0,0,0,2139
78,477,5579,0,0,0,0,0,2313
87,463,5451,0,0,0,0,0,2204
82,557,3921,0,0,0,0,0,2203
74,457,3332,0,0,0,0,0,2301
59,437,1333,0,0,0,0,0,2249
91,513,4880,0,0,0,0,0,18
66,407,1706,0,0,0,0,0,2301
96,524,3729,0,0,0,0,0,2141
80,456,5912,0,0,0,0,0,2223
79,494,3240,0,0,0,0,0,2222
60,360,4074,0,0,0,0,0,1
89,471,5899,0,0,0,0,0,5
65,485,4119,0,0,0,0,0,2155
85,567,27,0,0,0,0,0,2123
80,453,5735,0,0,0,0,0,2256
70,509,6015,0,0,0,0,0,2120
68,439,3179,0,0,0,0,0,2256
80,513,5184,0,0,0,0,0,2135
81,505,2544,0,0,0,0,0,2130
90,481,4529,0,0,0,0,0,2222
79,503,107,0,0,0,0,0,2137
8,36,166,0,0,0,0,0,832
