Start,End,Sleep quality,Time in bed,Wake up,Heart rate,Activity (steps),Stressful day Total,Drank coffee Total,Drank tea Total,Ate late Total,Worked out Total
12/29/2014 22:57,12/30/2014 7:30,100%,8:32,:),59,0,0,0,0,0,0
12/30/2014 21:17,12/30/2014 21:33,3%,0:16,:|,72,0,1,0,0,0,0
12/30/2014 22:42,12/31/2014 7:13,98%,8:30,:|,57,0,0,0,0,0,0
12/31/2014 22:31,1/1/2015 6:03,65%,7:32,,,0,0,0,0,0,0
1/1/2015 22:12,1/2/2015 4:56,72%,6:44,:),68,0,0,1,1,0,0
1/3/2015 0:34,1/3/2015 7:47,83%,7:12,:),60,0,0,1,1,0,0
1/4/2015 0:23,1/4/2015 7:37,78%,7:14,,,0,0,0,1,0,0
1/4/2015 21:34,1/5/2015 4:53,78%,7:18,:),57,0,0,1,0,1,0
1/5/2015 21:32,1/6/2015 5:00,69%,7:27,:),56,0,0,1,1,0,1
1/6/2015 21:24,1/7/2015 5:00,74%,7:35,:|,64,0,0,0,1,0,1
1/7/2015 20:59,1/8/2015 6:19,81%,9:19,:),62,0,1,1,1,0,0
1/8/2015 22:58,1/9/2015 6:14,88%,7:16,:),58,0,0,1,1,0,0
1/9/2015 22:27,1/10/2015 7:29,77%,9:01,:|,65,0,0,1,1,0,0
1/10/2015 22:38,1/11/2015 7:28,89%,8:50,:|,65,0,0,1,1,0,0
1/11/2015 22:12,1/12/2015 6:20,78%,8:08,:),53,0,0,0,1,0,0
1/12/2015 21:01,1/13/2015 6:13,100%,9:11,:),65,0,0,0,1,0,1
1/13/2015 22:14,1/14/2015 6:20,100%,8:06,:),55,0,0,1,1,0,0
1/14/2015 21:48,1/15/2015 5:02,88%,7:13,:),60,0,0,1,1,0,1
1/15/2015 21:32,1/16/2015 4:54,87%,7:22,:),60,0,0,0,1,0,0
1/17/2015 2:11,1/17/2015 9:03,83%,6:51,:),94,0,0,1,1,0,0
1/17/2015 23:55,1/18/2015 7:47,93%,7:51,:),57,0,0,1,1,0,0
1/18/2015 21:51,1/19/2015 5:04,58%,7:12,:),67,0,0,1,0,0,0
1/19/2015 5:06,1/19/2015 6:20,16%,1:13,:),58,0,0,0,0,0,0
1/19/2015 21:45,1/20/2015 5:45,75%,8:00,:|,54,0,0,1,1,0,1
1/20/2015 21:42,1/21/2015 5:45,80%,8:02,:|,60,0,0,1,1,0,1
1/21/2015 22:34,1/22/2015 6:17,87%,7:42,:),75,0,0,1,1,0,1
1/25/2015 20:55,1/26/2015 6:14,87%,9:19,:),58,0,0,1,0,0,0
1/26/2015 22:36,1/27/2015 6:11,83%,7:35,:|,66,0,1,1,1,0,0
1/28/2015 21:43,1/29/2015 5:20,76%,7:37,:),57,0,1,1,1,0,0
1/29/2015 22:23,1/30/2015 5:29,67%,7:05,:),63,0,0,1,1,0,1
1/31/2015 0:13,1/31/2015 8:17,93%,8:03,:),62,0,1,1,1,0,0
2/1/2015 21:55,2/2/2015 5:09,64%,7:13,:),56,0,0,1,1,0,0
2/2/2015 22:30,2/3/2015 6:20,75%,7:49,:),61,0,0,0,1,0,0
2/3/2015 22:47,2/4/2015 6:20,72%,7:32,:),61,0,0,1,1,0,0
2/4/2015 23:03,2/5/2015 6:10,70%,7:07,:),57,0,0,0,1,0,1
2/8/2015 22:30,2/9/2015 6:48,89%,8:17,:),61,0,0,1,1,0,0
2/9/2015 21:55,2/10/2015 6:13,85%,8:17,:),58,0,0,1,0,0,0
2/10/2015 22:20,2/11/2015 6:20,59%,8:00,:),60,0,0,1,0,0,0
2/11/2015 21:53,2/12/2015 5:30,67%,7:36,:),57,0,0,1,1,0,1
2/12/2015 22:34,2/13/2015 5:24,69%,6:49,:),53,0,0,1,1,0,1
2/15/2015 22:16,2/16/2015 5:20,74%,7:04,:),60,0,0,1,0,0,0
2/17/2015 0:02,2/17/2015 6:16,78%,6:13,:),65,0,0,1,1,0,1
2/17/2015 22:20,2/18/2015 5:05,70%,6:45,:),55,0,0,1,1,0,0
2/19/2015 22:39,2/20/2015 6:20,77%,7:40,:),66,0,1,1,1,0,0
2/21/2015 0:31,2/21/2015 7:32,72%,7:00,:),55,0,0,1,1,0,1
2/21/2015 22:54,2/22/2015 7:49,92%,8:55,:),56,0,0,1,1,0,0
2/22/2015 22:18,2/23/2015 6:20,87%,8:02,:),60,0,0,1,0,0,0
2/24/2015 22:30,2/25/2015 6:20,69%,7:49,:),62,0,0,1,1,0,0
2/26/2015 1:22,2/26/2015 7:16,65%,5:54,:|,,0,0,1,1,0,0
2/26/2015 21:42,2/27/2015 5:37,90%,7:54,:),61,0,0,0,1,0,1
3/1/2015 20:14,3/2/2015 5:44,88%,9:29,:),62,0,0,1,0,0,0
3/3/2015 21:47,3/4/2015 5:30,61%,7:43,:),62,0,0,1,1,0,1
3/4/2015 20:53,3/5/2015 6:13,54%,9:19,:),68,0,1,1,1,0,1
3/5/2015 22:29,3/6/2015 6:20,86%,7:50,:),58,0,0,1,1,0,0
3/8/2015 22:54,3/9/2015 6:20,69%,7:25,:),61,0,0,1,0,0,0
3/9/2015 21:28,3/10/2015 6:18,99%,8:50,:),67,0,0,1,1,0,0
3/10/2015 22:17,3/11/2015 6:18,82%,8:01,:),71,0,0,1,1,0,0
3/11/2015 21:39,3/12/2015 5:19,77%,7:40,:),63,0,0,1,1,0,0
3/12/2015 21:44,3/13/2015 5:20,72%,7:36,:),60,0,0,1,1,0,1
3/15/2015 21:50,3/16/2015 4:51,82%,7:00,:),62,0,0,0,0,0,0
3/16/2015 21:48,3/17/2015 5:21,75%,7:32,:),54,0,0,1,1,0,0
3/17/2015 23:57,3/18/2015 8:01,91%,8:03,:),62,0,0,1,1,0,1
3/21/2015 1:10,3/21/2015 8:00,74%,6:49,:),66,0,0,1,0,0,0
3/22/2015 23:07,3/23/2015 7:30,75%,8:22,:),65,0,0,1,1,0,0
3/24/2015 22:11,3/25/2015 6:19,84%,8:07,:),58,0,0,1,0,0,0
3/25/2015 22:00,3/26/2015 5:22,76%,7:22,:),,0,0,1,1,0,1
3/26/2015 21:23,3/27/2015 5:26,92%,8:03,:),54,0,0,0,1,0,1
3/30/2015 22:30,3/31/2015 5:28,82%,6:57,:),64,0,0,1,0,0,1
3/31/2015 22:17,4/1/2015 5:50,84%,7:32,:),55,0,0,1,1,0,1
4/4/2015 23:13,4/5/2015 7:31,95%,8:17,:),,0,0,1,1,0,0
4/6/2015 21:22,4/7/2015 6:15,79%,8:53,:),55,0,0,1,1,0,0
4/7/2015 21:17,4/8/2015 6:18,100%,9:01,:),51,0,0,0,1,0,0
4/8/2015 22:09,4/9/2015 5:02,81%,6:52,:),52,0,0,0,1,0,0
4/9/2015 21:56,4/10/2015 5:23,80%,7:27,:),,0,0,1,1,0,1
4/10/2015 23:51,4/11/2015 7:41,85%,7:50,:),,0,0,0,1,0,1
4/11/2015 23:16,4/12/2015 6:53,97%,7:36,:),52,0,0,1,1,0,0
4/12/2015 22:04,4/13/2015 5:41,84%,7:36,:),58,0,0,1,1,0,0
4/13/2015 22:19,4/14/2015 5:45,78%,7:25,:),57,0,0,0,1,0,1
4/15/2015 0:28,4/15/2015 7:30,81%,7:01,:),63,0,0,1,1,0,1
4/16/2015 23:20,4/17/2015 6:20,82%,6:59,:),58,0,0,1,1,0,0
4/17/2015 23:50,4/18/2015 7:22,59%,7:32,:),53,0,1,1,1,0,1
4/20/2015 22:37,4/21/2015 6:18,77%,7:40,:),58,0,0,1,1,0,0
4/22/2015 21:31,4/23/2015 5:11,77%,7:39,:),67,0,1,1,1,0,0
4/23/2015 21:46,4/24/2015 5:13,87%,7:26,:),,0,1,1,1,0,1
4/25/2015 22:53,4/26/2015 7:53,100%,9:00,:),61,0,0,1,1,0,0
4/26/2015 21:51,4/27/2015 4:59,70%,7:07,:),64,0,0,1,1,1,0
4/27/2015 21:35,4/28/2015 4:57,77%,7:21,:),59,0,0,0,1,0,1
4/28/2015 21:41,4/29/2015 5:00,53%,7:18,:),59,0,0,1,0,0,1
4/30/2015 23:13,5/1/2015 6:06,77%,6:52,:),60,0,1,1,1,0,0
5/1/2015 22:20,5/2/2015 6:07,65%,7:46,:),91,0,0,1,0,0,1
5/5/2015 22:23,5/6/2015 6:18,83%,7:54,:),62,0,0,1,1,0,1
5/6/2015 21:47,5/7/2015 5:21,50%,7:34,:),59,0,0,1,1,1,1
5/7/2015 21:22,5/8/2015 4:57,89%,7:34,:),54,0,0,0,1,0,1
5/9/2015 1:58,5/9/2015 7:01,61%,5:03,:),75,0,1,1,1,0,1
5/10/2015 22:11,5/11/2015 5:00,66%,6:48,:),50,0,0,1,1,0,1
5/11/2015 21:57,5/12/2015 5:00,75%,7:03,:),55,0,0,0,1,0,1
5/12/2015 22:04,5/13/2015 4:52,72%,6:47,:),59,0,0,0,1,0,1
5/14/2015 22:49,5/15/2015 6:17,79%,7:28,:),51,0,0,1,1,0,0
5/17/2015 21:03,5/18/2015 7:49,93%,10:46,:),59,0,1,0,1,0,0
5/18/2015 22:39,5/19/2015 6:20,91%,7:41,:),59,0,0,0,0,0,0
5/20/2015 22:22,5/21/2015 5:25,59%,7:02,:),62,0,0,0,1,0,1
5/21/2015 22:47,5/22/2015 5:25,74%,6:38,:),60,0,0,1,1,0,1
5/24/2015 0:01,5/24/2015 7:35,73%,7:33,:),,0,0,1,0,0,1
5/24/2015 22:58,5/25/2015 6:45,67%,7:47,:),61,0,0,1,1,0,0
5/25/2015 22:05,5/26/2015 5:29,85%,7:23,:),,0,0,1,1,0,0
5/26/2015 22:18,5/27/2015 5:14,69%,6:56,:),,0,0,1,1,0,1
5/28/2015 23:10,5/29/2015 7:00,81%,7:49,:),52,0,0,1,1,0,1
5/31/2015 23:16,6/1/2015 6:20,72%,7:03,:),76,0,0,1,0,0,0
6/1/2015 22:20,6/2/2015 6:19,76%,7:59,:),57,0,0,1,1,0,1
6/3/2015 22:19,6/4/2015 5:20,78%,7:00,:),64,0,0,1,1,0,0
6/4/2015 22:20,6/5/2015 3:45,70%,5:25,:(,,0,0,1,1,0,1
6/5/2015 3:45,6/5/2015 5:41,23%,1:55,:),57,0,0,0,0,0,0
6/7/2015 22:01,6/8/2015 5:40,75%,7:39,:),58,0,0,1,0,0,0
6/8/2015 21:57,6/9/2015 5:16,69%,7:19,:),,0,0,1,1,0,1
6/9/2015 21:07,6/10/2015 5:01,83%,7:54,:),,0,0,1,1,0,1
6/10/2015 21:12,6/11/2015 6:17,92%,9:04,:),68,0,1,0,1,0,1
6/11/2015 22:54,6/12/2015 6:19,74%,7:25,:),,0,0,1,0,0,1
6/14/2015 22:38,6/15/2015 6:12,81%,7:34,:),,0,0,1,1,0,0
6/15/2015 22:31,6/16/2015 6:20,88%,7:48,:),64,0,0,1,1,0,1
6/16/2015 22:21,6/17/2015 6:20,69%,7:59,:),,0,1,1,1,0,1
6/17/2015 21:28,6/18/2015 5:00,63%,7:31,:),,0,0,1,0,0,0
6/18/2015 22:26,6/19/2015 4:46,71%,6:20,:),,0,0,1,0,0,1
6/22/2015 21:54,6/23/2015 5:07,78%,7:13,:),,0,0,1,0,0,1
6/23/2015 22:09,6/24/2015 4:57,76%,6:48,:),,0,0,1,1,0,1
6/24/2015 4:58,6/24/2015 5:45,10%,0:46,:),,0,0,0,0,0,0
6/24/2015 22:37,6/25/2015 6:20,82%,7:43,:),58,0,1,1,0,0,1
7/11/2015 22:29,7/12/2015 8:00,98%,9:31,:),69,0,1,1,0,0,0
7/19/2015 21:38,7/20/2015 6:09,69%,8:31,:),74,0,0,1,0,0,0
7/20/2015 22:01,7/21/2015 5:04,68%,7:03,:),,0,0,1,1,0,1
7/21/2015 22:02,7/22/2015 5:45,79%,7:42,:),67,0,0,1,1,0,1
7/23/2015 22:29,7/24/2015 6:44,86%,8:14,:),,0,1,1,0,0,1
7/26/2015 22:29,7/27/2015 6:20,93%,7:50,:),58,0,0,1,0,0,1
7/28/2015 21:32,7/29/2015 5:39,68%,8:07,:),58,0,1,1,1,0,1
7/29/2015 23:06,7/30/2015 5:40,71%,6:34,:),61,0,0,1,1,0,1
7/30/2015 21:40,7/31/2015 5:40,88%,8:00,:),64,0,0,1,0,0,1
8/1/2015 1:41,8/1/2015 8:31,77%,6:49,:),64,0,0,1,1,0,1
8/1/2015 22:55,8/2/2015 8:02,97%,9:06,:),,0,0,1,0,0,1
8/2/2015 23:45,8/3/2015 0:00,3%,0:15,:|,,0,0,1,0,0,1
8/3/2015 0:26,8/3/2015 7:25,88%,6:59,:),68,0,0,1,0,0,1
8/3/2015 21:46,8/4/2015 5:00,71%,7:14,:),,0,1,1,0,0,1
8/4/2015 21:17,8/5/2015 4:55,81%,7:38,:),,0,0,1,1,0,1
8/5/2015 21:35,8/6/2015 4:55,78%,7:19,:),57,0,0,1,1,0,1
8/8/2015 0:19,8/8/2015 7:56,97%,7:37,:),54,0,0,1,0,0,1
8/10/2015 0:01,8/10/2015 5:03,65%,5:02,:),,0,0,1,0,0,0
8/10/2015 21:11,8/11/2015 6:09,72%,8:58,:),50,0,0,1,1,0,1
8/15/2015 23:41,8/16/2015 7:27,84%,7:46,:),,0,0,1,0,0,0
8/16/2015 21:44,8/17/2015 4:45,58%,7:00,:),56,0,0,1,0,0,0
8/17/2015 22:13,8/18/2015 5:27,85%,7:14,:),,0,0,1,1,0,1
8/18/2015 22:33,8/19/2015 6:45,90%,8:12,:),57,0,0,1,1,0,1
8/19/2015 21:48,8/20/2015 6:01,79%,8:12,:),51,0,0,1,0,0,1
8/20/2015 22:36,8/21/2015 6:00,69%,7:23,:),58,0,0,1,0,0,0
8/21/2015 21:52,8/22/2015 6:00,88%,8:07,:),,0,1,1,0,0,0
8/22/2015 21:59,8/23/2015 5:49,90%,7:49,:),52,0,0,1,0,0,0
8/23/2015 21:59,8/24/2015 5:29,83%,7:30,:),52,0,0,1,1,1,0
8/25/2015 21:57,8/26/2015 5:45,67%,7:48,:),,0,0,1,0,0,0
8/26/2015 21:14,8/27/2015 5:45,90%,8:30,:),,0,1,1,0,0,0
8/27/2015 21:19,8/28/2015 5:45,93%,8:26,:|,60,0,0,0,0,0,0
8/28/2015 22:01,8/29/2015 6:00,85%,7:59,:),62,0,0,1,1,0,0
8/30/2015 22:00,8/31/2015 6:00,84%,8:00,:),66,0,0,1,0,0,0
8/31/2015 22:14,9/1/2015 6:00,77%,7:46,:),,0,0,1,0,0,0
9/1/2015 22:00,9/2/2015 6:00,85%,7:59,:),65,0,0,0,1,0,0
9/2/2015 23:36,9/3/2015 7:10,77%,7:33,:),57,0,0,1,0,0,0
9/5/2015 22:54,9/6/2015 6:59,87%,8:04,:),,0,0,1,0,0,0
9/7/2015 22:45,9/8/2015 6:13,84%,7:27,:),61,0,0,1,1,0,0
9/8/2015 22:03,9/9/2015 6:04,86%,8:01,:),,0,0,0,1,0,1
9/9/2015 22:40,9/10/2015 6:10,83%,7:29,:),,0,0,1,1,0,1
9/10/2015 22:10,9/11/2015 4:57,77%,6:46,:),,0,0,1,1,0,1
9/12/2015 0:06,9/12/2015 7:41,81%,7:35,:),,0,0,1,0,0,1
9/13/2015 22:03,9/14/2015 5:50,81%,7:47,:),,0,0,1,0,0,0
9/14/2015 22:33,9/15/2015 6:30,83%,7:56,:),,0,1,1,0,0,1
9/15/2015 22:14,9/16/2015 5:55,70%,7:40,:),,0,0,1,0,0,1
9/16/2015 21:59,9/17/2015 6:20,80%,8:20,:),59,0,0,1,1,0,1
9/17/2015 22:57,9/18/2015 6:20,60%,7:22,:),56,0,0,1,1,0,1
9/19/2015 0:31,9/19/2015 6:55,55%,6:23,:),,0,0,1,0,0,0
9/19/2015 22:01,9/20/2015 6:48,91%,8:47,:),,0,0,1,0,0,0
9/20/2015 22:07,9/21/2015 6:15,79%,8:08,:),55,0,0,1,1,0,1
9/22/2015 21:34,9/23/2015 6:15,81%,8:41,:),58,0,0,1,1,0,1
9/23/2015 21:37,9/24/2015 5:07,77%,7:29,:),49,0,0,1,1,0,1
9/24/2015 22:37,9/25/2015 6:00,83%,7:22,:),,0,0,1,1,1,1
9/27/2015 22:57,9/28/2015 7:00,82%,8:02,:),61,0,0,0,1,0,0
9/28/2015 21:12,9/29/2015 5:15,90%,8:02,:),60,0,0,0,1,0,1
9/29/2015 22:54,9/30/2015 6:20,89%,7:25,:),58,0,0,1,1,1,1
9/30/2015 23:57,10/1/2015 6:14,62%,6:16,:),55,0,0,1,1,0,1
10/3/2015 0:09,10/3/2015 7:26,69%,7:17,:),57,0,0,1,0,0,1
10/11/2015 0:27,10/11/2015 8:58,100%,8:31,:),50,0,1,1,0,0,0
10/12/2015 21:59,10/13/2015 6:00,74%,8:01,:),,0,0,1,1,1,1
10/13/2015 22:19,10/14/2015 4:59,59%,6:40,:),,0,0,1,0,0,1
10/14/2015 5:00,10/14/2015 6:00,13%,1:00,:),,0,0,0,0,0,0
10/14/2015 22:40,10/15/2015 6:20,68%,7:40,:),65,0,0,0,1,0,1
10/15/2015 22:12,10/16/2015 6:21,67%,8:08,:),58,0,0,1,1,0,1
10/17/2015 0:45,10/17/2015 7:37,57%,6:51,:),,0,0,1,1,0,0
10/18/2015 21:52,10/19/2015 6:20,67%,8:27,:|,,0,0,1,0,0,0
10/20/2015 21:38,10/21/2015 6:20,88%,8:42,:|,62,0,0,1,1,0,0
10/21/2015 22:41,10/22/2015 6:20,77%,7:39,:),53,0,0,1,1,0,0
10/22/2015 21:46,10/23/2015 5:30,80%,7:44,:),70,0,0,1,1,0,1
10/24/2015 0:32,10/24/2015 8:12,77%,7:40,:),,0,0,1,1,0,1
10/24/2015 22:38,10/25/2015 6:33,81%,7:55,:),,0,0,1,1,0,0
10/26/2015 23:09,10/27/2015 6:05,77%,6:55,:),65,0,0,1,1,0,0
10/27/2015 21:34,10/28/2015 5:35,78%,8:01,:|,,0,0,1,0,0,1
10/28/2015 22:28,10/29/2015 6:20,83%,7:51,:|,53,0,0,0,1,0,1
10/29/2015 22:30,10/30/2015 6:10,81%,7:40,:|,57,0,0,0,1,0,1
10/31/2015 1:01,10/31/2015 7:50,50%,6:48,:),,0,0,1,1,0,0
11/2/2015 22:00,11/3/2015 6:10,83%,8:09,:|,55,0,0,1,1,0,1
11/3/2015 22:46,11/4/2015 6:09,75%,7:23,:|,,0,0,1,1,0,1
11/4/2015 22:49,11/5/2015 6:00,65%,7:11,:|,,0,0,1,1,0,1
11/5/2015 21:36,11/6/2015 5:29,77%,7:52,:|,,0,0,1,1,0,1
11/7/2015 0:19,11/7/2015 8:13,93%,7:54,:),98,0,0,1,1,0,1
11/8/2015 23:28,11/9/2015 6:20,69%,6:52,:),,0,0,1,1,0,0
11/9/2015 21:59,11/10/2015 5:41,88%,7:41,:),,0,0,1,1,0,1
11/10/2015 22:56,11/11/2015 6:28,83%,7:32,:),,0,0,1,1,0,1
11/11/2015 22:57,11/12/2015 6:20,72%,7:23,:),,0,0,1,1,0,0
11/13/2015 22:59,11/14/2015 7:46,96%,8:46,:),59,0,0,1,1,0,0
11/15/2015 22:17,11/16/2015 6:30,72%,8:13,:),62,0,0,1,1,0,0
11/18/2015 22:07,11/19/2015 5:30,80%,7:23,:),63,0,0,1,1,1,1
11/19/2015 23:10,11/20/2015 6:00,73%,6:50,:),62,0,0,1,1,0,1
11/22/2015 21:57,11/23/2015 5:30,83%,7:33,:),,0,0,0,1,0,0
11/23/2015 22:15,11/24/2015 5:00,74%,6:44,:),,0,0,1,1,0,1
11/24/2015 22:33,11/25/2015 6:30,87%,7:57,:),,0,0,1,1,0,1
11/25/2015 23:26,11/26/2015 6:20,69%,6:54,:),,0,0,1,1,0,1
11/26/2015 22:25,11/27/2015 6:20,81%,7:55,:),,0,0,1,1,0,1
11/28/2015 1:20,11/28/2015 7:46,58%,6:25,:),59,0,0,1,1,0,1
11/29/2015 22:20,11/30/2015 6:20,68%,7:59,:),,0,0,0,1,0,0
11/30/2015 21:23,12/1/2015 6:19,64%,8:55,:),,0,0,1,1,0,1
12/1/2015 23:03,12/2/2015 6:20,84%,7:17,:),57,0,0,1,1,0,1
12/2/2015 22:19,12/3/2015 5:11,75%,6:51,:),,0,0,1,1,0,0
12/3/2015 22:51,12/4/2015 5:01,70%,6:09,:),,0,0,1,1,1,0
12/6/2015 22:10,12/7/2015 5:31,86%,7:20,:),68,0,0,1,1,0,0
12/7/2015 21:20,12/8/2015 5:00,86%,7:40,:),61,0,1,0,1,0,1
12/8/2015 22:17,12/9/2015 5:45,79%,7:28,:),,0,1,1,1,0,1
12/9/2015 21:57,12/10/2015 6:10,93%,8:13,:),67,0,1,0,1,0,1
12/13/2015 0:08,12/13/2015 8:23,77%,8:14,:),,0,0,1,0,0,0
12/13/2015 22:07,12/14/2015 6:09,80%,8:02,:),52,0,0,1,0,0,0
12/15/2015 22:32,12/16/2015 6:10,75%,7:37,:),,0,0,1,1,0,1
12/16/2015 22:20,12/17/2015 5:40,84%,7:20,:),,0,1,1,1,0,0
12/17/2015 21:07,12/18/2015 5:45,100%,8:37,:),,0,0,1,1,0,1
12/20/2015 22:19,12/21/2015 6:20,72%,8:00,:|,56,0,0,1,1,0,1
12/21/2015 22:06,12/22/2015 5:29,80%,7:23,:|,,0,0,1,0,0,1
12/22/2015 21:41,12/23/2015 5:43,82%,8:01,:),,0,0,1,1,0,1
12/23/2015 22:33,12/24/2015 6:01,79%,7:27,:),,0,0,1,1,0,0
12/29/2015 22:44,12/30/2015 7:00,76%,8:16,:|,,0,0,1,0,0,0
1/1/2016 23:53,1/2/2016 8:27,79%,8:33,:|,71,0,0,1,1,0,0
1/2/2016 23:49,1/3/2016 8:13,85%,8:24,:),65,0,0,1,1,0,0
1/3/2016 21:44,1/4/2016 5:35,69%,7:51,:),,0,0,1,0,0,0
1/4/2016 22:17,1/5/2016 5:45,74%,7:28,:|,,0,1,1,1,0,0
1/5/2016 22:18,1/6/2016 6:20,66%,8:01,:|,,0,0,1,0,0,1
1/13/2016 22:44,1/14/2016 6:20,72%,7:35,:|,,0,1,1,1,1,0
1/14/2016 22:10,1/15/2016 5:28,73%,7:17,:|,,0,0,1,1,0,1
1/17/2016 22:00,1/18/2016 5:30,76%,7:29,:|,,0,0,1,1,0,1
1/18/2016 21:56,1/19/2016 5:34,78%,7:38,,,0,0,1,1,1,0
1/19/2016 22:46,1/20/2016 6:35,75%,7:48,,,0,0,1,1,0,1
1/20/2016 21:13,1/21/2016 6:29,77%,9:15,,,0,0,1,1,0,0
1/21/2016 21:33,1/22/2016 6:23,79%,8:50,,,0,0,1,0,0,0
1/22/2016 22:17,1/23/2016 8:14,79%,9:57,,,0,0,1,0,0,1
1/24/2016 22:06,1/25/2016 6:30,85%,8:23,,,0,0,1,1,0,1
1/25/2016 22:27,1/26/2016 6:38,88%,8:10,,,0,0,1,0,0,0
1/26/2016 22:58,1/27/2016 6:28,83%,7:29,,,0,0,1,1,0,1
1/27/2016 22:02,1/28/2016 5:23,84%,7:20,,,0,0,1,1,0,1
1/28/2016 22:11,1/29/2016 5:26,76%,7:15,,,0,0,1,1,0,1
1/29/2016 21:47,1/30/2016 6:06,88%,8:19,,,0,0,1,1,0,1
1/31/2016 22:58,2/1/2016 6:19,78%,7:20,,,0,0,1,0,0,0
2/1/2016 22:02,2/2/2016 5:27,82%,7:25,,,0,0,1,1,0,1
2/2/2016 21:47,2/3/2016 5:20,72%,7:33,,,0,0,1,0,0,1
2/3/2016 22:54,2/4/2016 6:20,79%,7:26,,,0,0,1,0,0,1
2/4/2016 22:17,2/5/2016 6:53,74%,8:35,,,0,1,1,0,0,1
2/5/2016 23:45,2/6/2016 7:35,84%,7:50,,,0,0,1,0,0,0
2/6/2016 22:55,2/7/2016 7:35,91%,8:40,,,0,0,0,1,0,0
2/8/2016 0:44,2/8/2016 7:45,68%,7:01,,,0,0,1,1,0,0
2/8/2016 22:43,2/9/2016 6:40,77%,7:56,,,0,0,1,1,0,1
2/9/2016 21:57,2/10/2016 5:31,66%,7:33,,,0,0,1,0,0,1
2/13/2016 23:41,2/14/2016 5:11,38%,5:30,,,0,0,1,0,0,0
2/14/2016 22:07,2/15/2016 5:53,84%,7:45,,,0,1,1,0,0,0
2/15/2016 22:07,2/16/2016 5:25,76%,7:18,,,0,0,1,0,0,1
2/16/2016 22:20,2/17/2016 5:32,70%,7:12,,,0,0,1,0,0,1
2/17/2016 21:33,2/18/2016 6:24,90%,8:51,,,0,1,1,0,0,1
2/18/2016 22:47,2/19/2016 6:26,77%,7:39,,,0,0,1,1,0,1
2/20/2016 23:12,2/21/2016 7:41,69%,8:28,,,0,0,1,0,0,0
2/22/2016 22:04,2/23/2016 6:23,85%,8:19,,,0,0,1,0,0,0
2/23/2016 22:18,2/24/2016 6:25,94%,8:06,,,0,0,1,0,0,1
2/24/2016 21:59,2/25/2016 5:43,88%,7:44,,,0,0,0,1,0,1
2/26/2016 0:15,2/26/2016 6:35,68%,6:20,,,0,0,0,1,0,1
2/27/2016 23:33,2/28/2016 7:50,92%,8:17,,,0,0,1,0,0,0
2/28/2016 22:19,2/29/2016 5:45,64%,7:25,,,0,0,0,1,0,0
2/29/2016 21:55,3/1/2016 6:22,78%,8:26,,,0,0,0,1,0,1
3/1/2016 23:22,3/2/2016 5:50,70%,6:28,,,0,0,0,1,0,1
3/2/2016 22:15,3/3/2016 6:21,95%,8:06,,,0,0,1,1,0,1
3/3/2016 22:01,3/4/2016 6:17,90%,8:16,,,0,0,0,1,0,1
3/5/2016 23:20,3/6/2016 7:31,98%,8:11,,,0,0,0,1,0,0
3/6/2016 23:08,3/7/2016 6:19,70%,7:11,,,0,0,1,1,0,0
3/7/2016 22:50,3/8/2016 6:22,75%,7:32,,,0,0,0,1,0,1
3/8/2016 21:40,3/9/2016 6:25,91%,8:44,,,0,0,0,1,0,1
3/9/2016 22:40,3/10/2016 5:49,79%,7:09,,,0,0,0,1,0,0
3/10/2016 21:35,3/11/2016 5:34,92%,7:58,,,0,0,0,1,0,1
3/12/2016 1:33,3/12/2016 7:50,69%,6:17,,,0,0,1,0,0,1
3/12/2016 23:44,3/13/2016 7:51,83%,7:07,,,0,0,0,1,0,0
3/13/2016 22:47,3/14/2016 5:40,82%,6:53,,,0,0,0,1,0,1
3/14/2016 22:16,3/15/2016 5:46,79%,7:29,,,0,0,0,1,0,1
3/15/2016 22:41,3/16/2016 6:25,85%,7:43,,,0,0,1,1,0,1
3/16/2016 22:25,3/17/2016 7:05,90%,8:39,,,0,0,1,0,0,1
3/17/2016 22:46,3/18/2016 7:08,98%,8:22,,,0,0,1,1,0,0
3/18/2016 22:17,3/19/2016 7:47,87%,9:30,,,0,0,1,0,0,0
3/20/2016 22:13,3/21/2016 7:26,80%,9:13,,,0,0,1,0,0,0
3/21/2016 22:37,3/22/2016 7:32,80%,8:54,,,0,0,1,0,0,0
3/22/2016 21:22,3/23/2016 6:19,80%,8:56,,,0,0,1,1,0,0
3/23/2016 22:06,3/24/2016 5:20,65%,7:13,,,0,0,1,1,0,1
3/27/2016 23:28,3/28/2016 7:30,82%,8:01,,,0,0,1,0,0,0
3/28/2016 23:32,3/29/2016 6:29,75%,6:56,,,0,1,1,0,0,1
3/29/2016 23:12,3/30/2016 6:25,66%,7:13,,,0,0,1,0,0,1
3/30/2016 22:58,3/31/2016 6:25,58%,7:26,,,0,0,1,1,0,1
3/31/2016 22:47,4/1/2016 6:30,89%,7:42,,,0,0,1,1,0,1
4/2/2016 21:20,4/3/2016 7:08,86%,9:47,,,0,0,1,0,0,0
4/3/2016 21:44,4/4/2016 6:24,67%,8:39,,,0,0,1,0,0,0
4/4/2016 21:23,4/5/2016 6:29,62%,9:05,,,0,0,1,0,0,0
4/5/2016 21:13,4/6/2016 6:24,81%,9:11,,,0,0,1,0,0,1
4/6/2016 23:00,4/7/2016 5:55,73%,6:55,,,0,0,1,1,0,1
4/7/2016 21:48,4/8/2016 5:49,81%,8:00,,,0,0,1,1,1,1
4/9/2016 0:51,4/9/2016 7:21,53%,6:30,,,0,0,1,1,0,1
4/9/2016 22:59,4/10/2016 7:59,94%,9:00,,,0,0,1,1,0,1
4/10/2016 22:04,4/11/2016 5:16,67%,7:12,,,0,0,0,1,0,0
4/11/2016 22:35,4/12/2016 5:54,82%,7:19,,,0,1,1,1,0,1
4/12/2016 22:18,4/13/2016 5:52,85%,7:33,,,0,0,1,1,0,1
4/13/2016 22:27,4/14/2016 6:13,77%,7:45,,,0,0,1,1,0,1
4/14/2016 21:43,4/15/2016 6:24,94%,8:41,,,0,1,1,1,0,1
4/15/2016 22:38,4/16/2016 7:25,81%,8:47,,,0,0,1,1,0,0
4/17/2016 21:34,4/18/2016 6:26,75%,8:52,,,0,0,1,1,0,0
4/19/2016 21:21,4/20/2016 6:20,79%,8:59,,,0,0,1,1,0,1
4/20/2016 21:25,4/21/2016 5:35,81%,8:09,,,0,0,1,1,1,1
4/21/2016 21:54,4/22/2016 5:35,79%,7:40,,,0,0,0,0,0,0
4/22/2016 5:37,4/22/2016 6:20,9%,0:42,,,0,0,0,0,0,0
4/23/2016 0:46,4/23/2016 7:54,65%,7:07,,,0,0,1,1,0,1
4/24/2016 22:30,4/25/2016 6:14,81%,7:43,,,0,0,0,1,0,0
4/25/2016 22:07,4/26/2016 5:39,87%,7:31,,,0,0,1,1,1,1
4/26/2016 22:48,4/27/2016 6:20,74%,7:32,,,0,0,1,1,0,1
4/27/2016 22:24,4/28/2016 6:25,92%,8:01,,,0,0,1,1,0,1
4/28/2016 22:23,4/29/2016 6:17,95%,7:53,,,0,0,1,1,0,1
4/29/2016 22:47,4/30/2016 5:57,81%,7:09,,,0,0,1,1,0,1
5/1/2016 21:27,5/2/2016 6:15,95%,8:47,,,0,0,1,0,0,1
5/2/2016 21:50,5/3/2016 6:20,85%,8:29,,,0,0,1,0,0,1
5/3/2016 22:19,5/4/2016 6:20,79%,8:01,,,0,0,1,0,0,1
5/4/2016 22:16,5/5/2016 6:30,83%,8:13,,,0,0,1,1,0,1
5/5/2016 22:20,5/6/2016 6:15,89%,7:54,,,0,0,1,0,1,0
5/6/2016 23:07,5/7/2016 7:08,87%,8:00,,,0,1,1,1,0,1
5/7/2016 23:20,5/8/2016 7:12,93%,7:51,,,0,0,1,1,0,0
5/8/2016 23:44,5/9/2016 6:20,74%,6:36,,,0,0,1,1,0,0
5/9/2016 22:10,5/10/2016 5:41,83%,7:30,,,0,0,1,1,0,1
5/10/2016 23:10,5/11/2016 5:30,74%,6:20,,,0,0,1,1,0,1
5/11/2016 22:43,5/12/2016 6:25,80%,7:41,,,0,0,1,1,0,1
5/12/2016 23:50,5/13/2016 6:50,83%,6:59,,,0,0,1,1,0,1
5/13/2016 23:08,5/14/2016 7:53,100%,8:45,,,0,0,1,1,0,1
5/15/2016 21:34,5/16/2016 6:07,81%,8:33,,,0,0,0,1,0,0
5/16/2016 21:34,5/17/2016 6:15,85%,8:40,,,0,0,1,0,0,1
5/17/2016 20:53,5/18/2016 6:10,83%,9:16,,,0,0,1,0,0,1
5/18/2016 22:26,5/19/2016 5:40,79%,7:14,,,0,1,1,0,0,0
5/20/2016 0:00,5/20/2016 6:30,76%,6:30,,,0,0,1,0,0,1
5/20/2016 23:14,5/21/2016 7:34,91%,8:19,,,0,0,1,0,0,1
5/23/2016 22:34,5/24/2016 5:30,75%,6:55,,,0,0,1,0,0,0
5/24/2016 22:00,5/25/2016 5:35,90%,7:35,,,0,0,1,0,0,1
5/25/2016 22:21,5/26/2016 6:31,88%,8:09,,,0,0,1,0,0,1
5/26/2016 22:08,5/27/2016 6:19,89%,8:11,,,0,0,1,0,0,1
5/28/2016 0:19,5/28/2016 7:15,72%,6:56,,,0,0,1,0,0,1
5/29/2016 22:04,5/30/2016 6:40,100%,8:36,,,0,0,1,0,0,0
5/30/2016 22:07,5/31/2016 6:08,72%,8:00,,,0,1,1,0,0,0
5/31/2016 23:02,6/1/2016 6:31,70%,7:28,,,0,0,1,0,0,1
6/1/2016 23:01,6/2/2016 5:48,67%,6:46,,,0,0,1,0,0,1
6/2/2016 22:51,6/3/2016 5:31,65%,6:39,,,0,0,1,0,0,1
6/5/2016 22:33,6/6/2016 5:51,71%,7:18,,,0,0,0,0,0,1
6/6/2016 23:26,6/7/2016 5:31,70%,6:05,,,0,0,1,0,0,1
6/7/2016 22:32,6/8/2016 5:32,77%,6:59,,,0,0,1,0,0,1
6/8/2016 21:56,6/9/2016 6:16,76%,8:20,,,0,0,1,0,0,1
6/9/2016 22:07,6/10/2016 6:35,87%,8:27,,,0,0,1,0,1,1
6/11/2016 22:42,6/12/2016 8:41,93%,9:58,,,0,0,0,1,0,0
6/12/2016 22:52,6/13/2016 6:32,77%,7:39,,,0,0,0,1,0,0
6/13/2016 22:03,6/14/2016 6:26,82%,8:22,,,0,0,0,1,0,1
6/14/2016 22:32,6/15/2016 6:30,68%,7:58,,,0,0,1,1,0,0
6/16/2016 0:46,6/16/2016 6:25,64%,5:38,,,0,0,1,1,0,1
6/16/2016 22:06,6/17/2016 6:01,83%,7:54,,,0,0,1,1,0,1
6/17/2016 23:28,6/18/2016 7:23,79%,7:54,,,0,0,1,1,0,1
6/19/2016 23:00,6/20/2016 6:00,74%,6:59,,,0,0,1,0,0,0
6/20/2016 22:34,6/21/2016 5:50,83%,7:15,,,0,0,1,0,0,1
6/21/2016 22:11,6/22/2016 5:40,83%,7:29,,,0,0,1,0,0,1
6/22/2016 22:41,6/23/2016 6:22,82%,7:41,,,0,0,1,0,0,1
6/23/2016 22:32,6/24/2016 6:32,86%,8:00,,,0,0,1,0,0,1
6/26/2016 22:16,6/27/2016 6:30,64%,8:14,,,0,0,1,0,0,0
6/27/2016 23:48,6/28/2016 6:47,62%,6:58,,,0,1,1,0,0,1
6/28/2016 23:10,6/29/2016 6:35,77%,7:25,,,0,0,1,0,0,1
6/29/2016 22:32,6/30/2016 5:55,83%,7:23,,,0,1,1,0,0,1
7/1/2016 23:32,7/2/2016 7:32,90%,8:00,,,0,0,1,0,0,0
7/3/2016 21:49,7/4/2016 6:02,86%,8:12,,,0,0,0,0,0,0
7/4/2016 21:39,7/5/2016 5:50,85%,8:11,,,0,0,1,0,0,1
7/5/2016 22:48,7/6/2016 6:05,75%,7:16,,,0,1,1,0,0,1
7/6/2016 22:13,7/7/2016 6:15,92%,8:02,,,0,0,1,0,0,1
7/7/2016 22:53,7/8/2016 7:05,96%,8:12,,,0,0,1,0,0,1
7/10/2016 22:18,7/11/2016 6:17,85%,7:59,,,0,0,1,0,0,0
7/11/2016 21:24,7/12/2016 6:15,99%,8:50,,,0,0,1,0,0,1
7/12/2016 22:02,7/13/2016 6:15,96%,8:13,,,0,0,1,0,0,1
7/13/2016 23:13,7/14/2016 6:15,78%,7:02,,,0,0,1,0,0,1
7/14/2016 22:39,7/15/2016 6:15,84%,7:35,,,0,1,1,0,0,1
7/16/2016 0:32,7/16/2016 8:19,87%,7:47,,,0,0,1,0,0,1
7/16/2016 23:20,7/17/2016 7:31,98%,8:10,,,0,0,1,0,0,1
7/17/2016 22:23,7/18/2016 6:00,76%,7:37,,,0,0,1,0,0,1
7/18/2016 22:57,7/19/2016 6:05,77%,7:08,,,0,1,1,0,0,1
7/19/2016 22:36,7/20/2016 5:50,77%,7:14,,,0,0,1,0,0,1
7/20/2016 22:25,7/21/2016 5:56,82%,7:30,,,0,0,1,0,0,1
7/21/2016 23:07,7/22/2016 7:00,87%,7:52,,,0,0,1,0,0,1
7/22/2016 22:20,7/23/2016 7:56,99%,9:35,,,0,0,1,0,0,0
7/23/2016 23:47,7/24/2016 7:56,74%,8:09,,,0,0,1,0,0,0
7/24/2016 22:45,7/25/2016 6:14,81%,7:28,,,0,0,1,0,0,1
7/25/2016 21:54,7/26/2016 6:02,86%,8:07,,,0,0,1,0,0,1
7/26/2016 23:03,7/27/2016 6:11,84%,7:07,,,0,0,1,0,0,1
7/27/2016 22:49,7/28/2016 7:11,95%,8:21,,,0,1,1,0,0,1
7/28/2016 22:25,7/29/2016 3:35,35%,5:10,,,0,0,1,0,0,0
8/16/2016 22:05,8/17/2016 5:50,96%,7:44,,,0,1,1,1,0,0
8/17/2016 22:42,8/18/2016 6:15,78%,7:33,,,7200,0,1,0,1,1
8/18/2016 21:58,8/19/2016 6:23,36%,8:24,,,3444,0,1,0,0,1
8/20/2016 22:04,8/21/2016 8:33,56%,10:28,,,7901,0,1,0,0,0
8/21/2016 22:08,8/22/2016 6:20,52%,8:11,,,3786,0,1,1,0,0
8/22/2016 22:13,8/23/2016 6:22,35%,8:09,,,2668,0,1,0,0,1
8/23/2016 23:08,8/24/2016 6:38,51%,7:30,,,4213,0,1,0,0,1
8/24/2016 21:51,8/25/2016 6:10,54%,8:19,,,2210,0,1,0,0,1
8/25/2016 22:06,8/26/2016 6:19,55%,8:13,,,3040,0,1,0,0,1
8/26/2016 23:49,8/27/2016 7:26,46%,7:37,,,3887,0,1,0,0,1
8/27/2016 23:52,8/28/2016 8:25,48%,8:33,,,5631,0,1,0,0,0
8/28/2016 22:52,8/29/2016 6:40,36%,7:48,,,10059,0,1,0,0,0
8/29/2016 22:10,8/30/2016 6:20,40%,8:09,,,3698,0,1,0,0,1
8/30/2016 22:21,8/31/2016 6:20,49%,7:59,,,4399,0,1,0,0,1
8/31/2016 22:33,9/1/2016 6:20,49%,7:47,,,4015,0,1,0,0,1
9/1/2016 23:08,9/2/2016 5:58,54%,6:50,,,4374,0,1,0,0,1
9/2/2016 22:38,9/3/2016 7:47,67%,9:09,,,5038,0,1,0,0,0
9/4/2016 23:28,9/5/2016 8:00,61%,8:32,,,827,0,1,0,0,0
9/5/2016 21:00,9/6/2016 6:20,41%,9:20,,,2542,0,0,1,0,1
9/6/2016 22:11,9/7/2016 6:22,70%,8:10,,,7370,0,0,1,0,1
9/7/2016 22:31,9/8/2016 6:21,69%,7:50,,,5658,0,0,1,0,1
9/8/2016 22:28,9/9/2016 6:10,61%,7:41,,,7107,0,0,1,0,1
9/10/2016 0:45,9/10/2016 7:06,58%,6:21,,,7048,0,1,0,0,1
9/10/2016 22:44,9/11/2016 6:01,33%,7:17,,,6925,0,0,1,0,0
9/11/2016 23:05,9/12/2016 6:20,60%,7:14,,,1130,0,1,0,0,0
9/12/2016 22:46,9/13/2016 6:20,67%,7:34,,,7025,0,0,1,0,1
9/13/2016 21:55,9/14/2016 6:07,59%,8:12,,,5955,0,0,1,0,1
9/14/2016 22:26,9/15/2016 6:20,65%,7:53,,,9243,0,0,1,0,1
9/17/2016 22:26,9/18/2016 8:22,70%,9:56,,,908,0,1,0,0,0
9/18/2016 22:28,9/19/2016 6:24,57%,7:55,,,2191,0,1,0,0,1
9/19/2016 22:14,9/20/2016 6:22,60%,8:07,,,11650,0,0,1,0,1
9/20/2016 22:39,9/21/2016 6:15,57%,7:36,,,10842,0,0,1,0,1
9/21/2016 22:11,9/22/2016 6:11,60%,7:59,,,5765,0,0,1,0,0
9/22/2016 22:26,9/23/2016 6:55,70%,8:29,,,8047,0,0,1,0,1
9/25/2016 22:53,9/26/2016 6:24,58%,7:31,,,359,0,1,1,0,1
9/26/2016 22:17,9/27/2016 6:20,55%,8:03,,,8733,1,0,1,0,1
9/27/2016 22:22,9/28/2016 6:06,55%,7:44,,,6963,0,0,1,0,1
9/28/2016 23:10,9/29/2016 6:20,60%,7:09,,,10392,0,1,1,0,1
9/29/2016 22:50,9/30/2016 6:20,53%,7:29,,,7230,0,1,0,0,1
10/1/2016 0:06,10/1/2016 8:27,67%,8:20,,,7255,0,1,1,0,1
10/1/2016 23:23,10/2/2016 7:50,55%,8:26,,,4555,0,1,0,0,0
10/2/2016 23:29,10/3/2016 6:25,54%,6:56,,,8954,0,1,1,0,0
10/3/2016 22:24,10/4/2016 6:03,62%,7:38,,,9726,0,1,1,0,1
10/4/2016 21:53,10/5/2016 6:21,66%,8:28,,,8587,0,0,1,0,1
10/5/2016 22:33,10/6/2016 6:21,54%,7:48,,,8612,0,0,1,0,1
10/7/2016 0:07,10/7/2016 6:40,52%,6:33,,,8737,0,0,1,0,1
10/7/2016 23:18,10/8/2016 7:20,71%,8:02,,,10375,0,1,1,0,1
10/10/2016 22:38,10/11/2016 6:28,59%,7:49,,,21870,0,1,1,0,1
10/11/2016 22:28,10/12/2016 6:14,56%,7:45,,,10106,0,0,1,0,1
10/12/2016 22:48,10/13/2016 6:05,65%,7:16,,,9308,0,1,0,0,1
10/13/2016 22:26,10/14/2016 6:30,61%,8:04,,,8406,0,1,0,0,1
10/15/2016 23:00,10/16/2016 7:31,71%,8:30,,,779,0,1,0,0,0
10/16/2016 22:52,10/17/2016 6:20,50%,7:27,,,3932,0,1,1,0,0
10/17/2016 22:53,10/18/2016 6:27,63%,7:34,,,10266,0,1,1,0,1
10/18/2016 22:34,10/19/2016 6:10,67%,7:35,,,10540,1,1,0,0,1
10/19/2016 22:13,10/20/2016 5:49,64%,7:35,,,8164,0,1,0,0,1
10/20/2016 22:14,10/21/2016 6:33,67%,8:19,,,7271,0,1,1,0,1
10/22/2016 1:38,10/22/2016 7:18,54%,5:39,,,6044,0,1,1,0,0
10/23/2016 0:07,10/23/2016 8:47,81%,8:40,,,7682,0,1,0,0,0
10/23/2016 22:21,10/24/2016 6:23,66%,8:01,,,6719,0,1,1,0,0
10/24/2016 23:04,10/25/2016 6:25,65%,7:21,,,8273,0,1,1,0,1
10/25/2016 22:48,10/26/2016 6:35,69%,7:46,,,6366,0,0,1,0,1
10/26/2016 22:55,10/27/2016 6:26,72%,7:30,,,9368,0,1,1,0,1
10/27/2016 23:03,10/28/2016 6:35,63%,7:32,,,7967,0,1,1,0,1
10/29/2016 0:16,10/29/2016 7:51,66%,7:34,,,8641,0,1,1,0,0
10/30/2016 22:46,10/31/2016 6:10,68%,7:23,,,1283,0,1,0,0,1
11/1/2016 22:19,11/2/2016 5:57,68%,7:37,,,4542,1,0,1,0,1
11/2/2016 22:52,11/3/2016 6:30,72%,7:38,,,2870,1,1,1,0,0
11/4/2016 0:13,11/4/2016 6:15,52%,6:01,,,10506,1,1,1,0,0
11/4/2016 22:49,11/5/2016 7:58,80%,9:08,,,6716,1,1,0,0,0
11/6/2016 21:58,11/7/2016 5:47,65%,7:49,,,6623,0,1,0,0,0
11/7/2016 22:16,11/8/2016 5:51,70%,7:35,,,6608,0,0,1,0,1
11/8/2016 22:51,11/9/2016 5:48,62%,6:56,,,7119,0,1,1,0,1
11/9/2016 22:37,11/10/2016 5:55,65%,7:17,,,8981,0,1,1,0,1
11/10/2016 23:58,11/11/2016 7:19,56%,7:20,,,7385,0,1,1,0,1
11/11/2016 23:25,11/12/2016 7:16,74%,7:51,,,737,0,1,1,0,0
11/15/2016 22:14,11/16/2016 7:35,72%,9:20,,,5274,0,0,1,0,0
11/16/2016 23:10,11/17/2016 7:07,70%,7:56,,,2670,0,1,0,0,0
11/17/2016 23:15,11/18/2016 6:59,73%,7:44,,,5825,0,0,1,0,0
11/18/2016 23:37,11/19/2016 7:13,70%,7:36,,,5971,0,1,1,0,0
11/19/2016 23:47,11/20/2016 7:53,81%,8:05,,,1540,0,0,1,0,0
11/20/2016 23:00,11/21/2016 7:02,80%,8:01,,,847,0,1,1,0,0
11/21/2016 22:38,11/22/2016 5:40,68%,7:01,,,6149,0,1,1,0,0
11/22/2016 21:26,11/23/2016 5:40,80%,8:13,,,10585,0,0,1,0,1
11/23/2016 22:44,11/24/2016 6:10,73%,7:25,,,10248,0,1,1,0,1
11/24/2016 22:00,11/25/2016 6:39,88%,8:39,,,6536,0,0,1,0,1
11/25/2016 23:09,11/26/2016 7:40,89%,8:30,,,5628,0,1,1,0,0
11/27/2016 22:01,11/28/2016 6:18,75%,8:16,,,595,0,0,1,0,0
11/28/2016 22:35,11/29/2016 6:26,83%,7:50,,,7499,0,0,1,0,1
11/29/2016 23:33,11/30/2016 6:31,71%,6:57,,,3196,0,0,1,0,0
11/30/2016 21:12,12/1/2016 5:13,89%,8:01,,,3763,0,1,1,0,0
12/1/2016 5:14,12/1/2016 6:38,17%,1:24,,,3763,0,0,0,0,0
12/1/2016 21:40,12/2/2016 5:11,71%,7:31,,,4904,0,0,1,0,0
12/4/2016 1:18,12/4/2016 9:20,89%,8:02,,,3158,0,1,1,0,0
12/4/2016 21:45,12/5/2016 5:45,78%,8:00,,,4514,0,0,1,0,0
12/5/2016 21:44,12/6/2016 5:40,79%,7:55,,,7137,0,0,1,0,1
12/6/2016 22:13,12/7/2016 5:46,72%,7:32,,,7709,0,0,1,0,1
12/7/2016 22:46,12/8/2016 6:19,82%,7:32,,,10521,0,1,1,0,1
12/8/2016 23:32,12/9/2016 6:47,69%,7:15,,,9338,0,1,1,0,1
12/9/2016 22:48,12/10/2016 8:11,79%,9:23,,,4629,0,0,1,0,0
12/11/2016 1:07,12/11/2016 8:27,82%,7:19,,,5776,0,1,0,0,1
12/11/2016 22:14,12/12/2016 6:16,85%,8:01,,,168,0,0,1,0,0
12/12/2016 22:56,12/13/2016 6:35,81%,7:38,,,6964,0,1,1,0,0
12/13/2016 22:02,12/14/2016 6:05,83%,8:02,,,3448,0,1,1,0,1
12/14/2016 21:57,12/15/2016 6:18,74%,8:20,,,4114,0,0,1,0,0
12/15/2016 21:29,12/16/2016 5:00,75%,7:31,,,7112,0,0,1,0,0
12/18/2016 22:35,12/19/2016 5:47,78%,7:11,,,3391,0,1,1,0,0
12/19/2016 21:49,12/20/2016 6:35,96%,8:46,,,2335,0,0,1,0,0
12/20/2016 23:48,12/21/2016 7:09,84%,7:20,,,7293,0,0,1,0,0
12/21/2016 23:56,12/22/2016 7:30,86%,7:33,,,8488,0,1,1,0,0
12/22/2016 23:07,12/23/2016 7:07,74%,8:00,,,5701,1,1,1,0,0
12/27/2016 23:17,12/28/2016 7:22,69%,8:05,,,4509,0,1,1,0,0
12/30/2016 23:25,12/31/2016 8:26,92%,9:00,,,3868,0,1,1,0,0
1/2/2017 22:35,1/3/2017 5:10,73%,6:34,,,5216,0,1,1,0,0
1/3/2017 5:11,1/3/2017 6:30,17%,1:19,,,5216,0,0,0,0,0
1/3/2017 21:47,1/4/2017 5:57,87%,8:09,,,3669,0,0,1,0,0
1/4/2017 22:40,1/5/2017 6:10,87%,7:29,,,10856,0,1,1,0,1
1/5/2017 22:39,1/6/2017 6:42,93%,8:02,,,7787,0,0,1,0,1
1/6/2017 23:14,1/7/2017 8:43,90%,9:29,,,10344,0,1,1,0,0
1/8/2017 0:34,1/8/2017 7:56,79%,7:22,,,3094,0,0,1,0,0
1/8/2017 22:07,1/9/2017 6:23,84%,8:16,,,202,0,0,1,0,0
1/9/2017 22:42,1/10/2017 6:40,65%,7:57,,,7122,0,1,1,0,0
1/10/2017 22:20,1/11/2017 6:14,84%,7:54,,,1734,0,1,1,0,0
1/11/2017 22:14,1/12/2017 5:22,73%,7:07,,,2562,0,1,1,0,0
1/12/2017 22:13,1/13/2017 5:31,64%,7:17,,,8076,0,1,1,1,0
1/13/2017 23:27,1/14/2017 7:22,89%,7:54,,,12802,0,0,1,0,1
1/15/2017 23:25,1/16/2017 6:58,74%,7:32,,,12258,0,1,1,0,1
1/16/2017 21:58,1/17/2017 5:11,71%,7:12,,,4540,0,0,1,0,0
1/17/2017 5:12,1/17/2017 7:20,24%,2:08,,,4540,0,0,0,0,0
1/17/2017 22:23,1/18/2017 5:01,57%,6:37,,,173,0,0,1,0,0
1/18/2017 22:22,1/19/2017 6:31,76%,8:09,,,6368,0,0,1,0,0
1/19/2017 22:14,1/20/2017 6:30,92%,8:15,,,1740,0,1,1,0,0
1/20/2017 23:07,1/21/2017 7:45,78%,8:38,,,5056,0,0,1,0,0
1/21/2017 23:12,1/22/2017 7:42,96%,8:29,,,4223,0,0,1,0,0
1/22/2017 22:03,1/23/2017 6:25,64%,8:22,,,4336,0,0,1,0,0
1/23/2017 22:34,1/24/2017 6:09,89%,7:35,,,4772,0,1,1,0,0
1/24/2017 22:55,1/25/2017 6:13,84%,7:17,,,3492,0,1,1,0,0
1/25/2017 20:54,1/26/2017 5:09,85%,8:15,,,6010,0,0,1,0,1
1/26/2017 22:12,1/27/2017 4:58,54%,6:45,,,4200,0,1,1,0,1
1/27/2017 4:58,1/27/2017 6:40,21%,1:42,,,4200,0,0,0,0,0
1/27/2017 23:22,1/28/2017 7:25,91%,8:02,,,4573,0,1,1,0,0
1/30/2017 23:27,1/31/2017 6:01,63%,6:34,,,3228,0,1,0,0,0
1/31/2017 22:44,2/1/2017 6:20,78%,7:36,,,5379,0,1,1,0,1
2/1/2017 22:41,2/2/2017 6:10,74%,7:29,,,7521,0,1,1,0,1
2/2/2017 22:19,2/3/2017 6:31,85%,8:11,,,2309,0,1,1,0,0
2/3/2017 23:58,2/4/2017 7:08,80%,7:09,,,2983,0,1,1,0,0
2/4/2017 23:45,2/5/2017 7:20,68%,7:35,,,6833,0,1,1,0,0
2/5/2017 22:53,2/6/2017 6:30,75%,7:36,,,7665,0,1,1,0,0
2/6/2017 22:30,2/7/2017 6:20,71%,7:50,,,7552,0,1,1,1,1
2/7/2017 23:34,2/8/2017 6:30,71%,6:55,,,5339,0,1,1,0,0
2/8/2017 23:46,2/9/2017 6:27,68%,6:40,,,4076,0,1,1,0,0
2/9/2017 22:31,2/10/2017 5:00,62%,6:28,,,12892,1,1,1,0,1
2/10/2017 5:00,2/10/2017 6:36,21%,1:36,,,12892,0,0,0,0,0
2/10/2017 22:37,2/11/2017 7:07,100%,8:30,,,3417,0,0,1,0,0
2/12/2017 21:49,2/13/2017 7:06,63%,9:16,,,2756,0,1,1,0,0
2/13/2017 21:51,2/14/2017 5:02,74%,7:10,,,6003,0,1,1,0,0
2/14/2017 5:02,2/14/2017 6:36,12%,1:33,,,6003,0,0,0,0,0
2/14/2017 23:17,2/15/2017 6:13,59%,6:55,,,3588,0,1,1,0,0
2/15/2017 22:36,2/16/2017 6:25,44%,7:48,,,5558,0,1,1,0,0
2/16/2017 22:33,2/17/2017 6:31,83%,7:58,,,3301,0,1,1,0,0
2/17/2017 23:49,2/18/2017 8:09,93%,8:20,,,3027,0,1,1,0,0
2/19/2017 0:28,2/19/2017 8:16,79%,7:48,,,3361,0,0,1,0,0
2/19/2017 22:12,2/20/2017 6:16,66%,8:04,,,460,0,1,1,0,0
2/20/2017 22:43,2/21/2017 6:27,76%,7:43,,,7419,0,0,1,0,0
2/21/2017 23:14,2/22/2017 6:26,72%,7:11,,,5499,0,1,1,0,0
2/22/2017 21:30,2/23/2017 5:02,83%,7:31,,,4258,0,0,1,0,0
2/23/2017 22:15,2/24/2017 5:34,81%,7:19,,,5862,0,1,1,0,0
2/24/2017 5:34,2/24/2017 6:30,12%,0:55,,,5862,0,0,0,0,0
2/25/2017 2:46,2/25/2017 9:52,80%,7:06,,,6388,0,1,1,1,1
2/26/2017 0:40,2/26/2017 7:47,77%,7:07,,,4275,0,0,1,0,0
2/27/2017 22:16,2/28/2017 5:50,81%,7:34,,,2499,0,1,0,0,0
2/28/2017 21:39,3/1/2017 5:40,87%,8:01,,,7351,0,1,1,0,1
3/1/2017 5:43,3/1/2017 6:40,12%,0:57,,,7351,0,0,0,0,0
3/1/2017 22:23,3/2/2017 6:30,85%,8:07,,,6109,0,1,1,0,0
3/2/2017 22:22,3/3/2017 6:18,81%,7:55,,,6388,0,1,1,0,1
3/5/2017 0:12,3/5/2017 8:28,96%,8:16,,,6785,0,1,1,0,0
3/5/2017 22:01,3/6/2017 6:08,93%,8:07,,,171,0,1,1,0,0
3/6/2017 22:01,3/7/2017 6:22,97%,8:21,,,4670,0,1,1,0,0
3/7/2017 22:13,3/8/2017 6:15,90%,8:01,,,7000,0,1,1,0,1
3/8/2017 21:13,3/9/2017 6:18,85%,9:05,,,3744,0,1,1,0,0
3/9/2017 21:48,3/10/2017 5:01,71%,7:13,,,7028,0,1,1,0,1
3/10/2017 22:42,3/11/2017 6:57,86%,8:14,,,2679,0,1,1,0,0
3/12/2017 22:39,3/13/2017 6:33,80%,7:53,,,1572,0,1,1,0,0
3/13/2017 21:20,3/14/2017 5:02,81%,7:42,,,6212,0,0,1,0,1
3/14/2017 21:06,3/15/2017 5:23,89%,8:17,,,5933,0,0,1,0,1
3/15/2017 22:33,3/16/2017 6:17,71%,7:44,,,9185,0,1,1,0,1
3/16/2017 22:33,3/17/2017 6:37,95%,8:04,,,7887,0,1,1,0,1
3/17/2017 22:55,3/18/2017 8:02,99%,9:07,,,10528,0,1,1,0,0
3/18/2017 22:26,3/19/2017 7:21,89%,8:54,,,302,0,0,1,0,0
3/20/2017 0:02,3/20/2017 7:20,79%,7:18,,,2750,0,1,1,0,0
3/20/2017 23:35,3/21/2017 7:16,88%,7:41,,,3695,0,1,1,0,0
3/21/2017 23:20,3/22/2017 6:21,79%,7:01,,,1913,0,1,1,0,0
3/22/2017 22:02,3/23/2017 5:15,72%,7:12,,,7155,0,0,1,0,1
3/23/2017 22:20,3/24/2017 5:41,76%,7:21,,,7810,0,1,1,0,1
3/25/2017 23:19,3/26/2017 7:16,100%,7:56,,,3549,0,1,1,0,0
3/26/2017 22:03,3/27/2017 5:33,83%,7:29,,,3554,0,1,1,0,1
3/27/2017 21:19,3/28/2017 5:42,78%,8:22,,,7562,0,0,1,0,1
3/28/2017 22:29,3/29/2017 5:41,78%,7:11,,,7823,0,1,1,0,1
3/29/2017 22:29,3/30/2017 6:04,79%,7:34,,,7708,0,1,1,0,1
3/30/2017 22:42,3/31/2017 7:33,93%,8:51,,,8615,0,1,1,0,1
4/1/2017 2:10,4/1/2017 8:37,80%,6:27,,,9461,0,1,1,0,0
4/1/2017 21:22,4/2/2017 7:16,95%,9:54,,,4595,0,0,1,0,0
4/2/2017 22:01,4/3/2017 6:20,90%,8:19,,,2835,0,1,1,0,1
4/3/2017 21:58,4/4/2017 6:01,92%,8:03,,,1898,0,0,1,0,0
4/4/2017 22:01,4/5/2017 6:11,81%,8:09,,,8396,0,0,1,0,1
4/5/2017 23:45,4/6/2017 6:20,73%,6:35,,,7948,0,1,1,0,1
4/6/2017 23:12,4/7/2017 6:20,68%,7:07,,,14408,0,1,1,0,1
4/8/2017 0:00,4/8/2017 7:30,75%,7:29,,,8646,0,1,1,0,1
4/10/2017 0:52,4/10/2017 6:32,65%,5:40,,,771,0,1,0,0,0
4/10/2017 22:21,4/11/2017 5:41,70%,7:19,,,11355,0,0,1,0,1
4/11/2017 6:03,4/11/2017 6:31,6%,0:27,,,0,0,0,0,0,0
4/11/2017 22:39,4/12/2017 5:55,67%,7:16,,,4153,0,0,0,0,0
4/12/2017 21:42,4/13/2017 6:54,74%,9:11,,,1318,0,0,1,0,0
4/13/2017 23:52,4/14/2017 8:05,83%,8:12,,,889,0,1,1,0,0
4/14/2017 21:45,4/15/2017 7:52,88%,10:07,,,4787,0,0,1,0,0
4/15/2017 23:23,4/16/2017 7:05,73%,7:42,,,4581,0,0,1,0,0
4/17/2017 0:06,4/17/2017 7:51,83%,7:44,,,1510,0,1,1,0,0
4/17/2017 22:12,4/18/2017 5:54,66%,7:41,,,780,0,1,1,0,0
4/18/2017 22:43,4/19/2017 6:20,59%,7:36,,,6284,0,1,1,0,1
4/19/2017 21:39,4/20/2017 5:30,75%,7:51,,,8213,0,0,0,0,0
4/20/2017 22:15,4/21/2017 5:41,75%,7:26,,,7905,0,1,1,0,1
4/21/2017 22:36,4/22/2017 7:46,83%,9:09,,,8072,0,1,1,0,1
4/23/2017 0:53,4/23/2017 8:38,86%,7:44,,,2666,0,1,1,0,0
4/23/2017 22:31,4/24/2017 6:31,75%,7:59,,,3042,0,1,0,0,0
4/24/2017 23:07,4/25/2017 6:34,72%,7:27,,,10319,0,1,1,0,1
4/25/2017 22:20,4/26/2017 6:20,85%,8:00,,,8358,0,1,1,0,1
4/26/2017 22:25,4/27/2017 6:32,68%,8:06,,,7337,0,1,1,0,1
4/27/2017 22:48,4/28/2017 6:40,64%,7:51,,,6551,0,1,1,0,1
4/28/2017 23:39,4/29/2017 8:17,90%,8:37,,,3357,1,1,1,0,0
4/29/2017 23:39,4/30/2017 7:23,74%,7:43,,,2668,0,1,1,0,0
4/30/2017 22:28,5/1/2017 6:16,72%,7:47,,,7491,0,1,1,0,1
5/1/2017 22:00,5/2/2017 6:17,74%,8:16,,,11475,0,1,1,0,1
5/2/2017 21:47,5/3/2017 6:04,77%,8:16,,,4810,0,1,1,0,1
5/3/2017 22:59,5/4/2017 6:20,59%,7:21,,,6932,0,1,1,0,1
5/4/2017 22:37,5/5/2017 6:10,73%,7:32,,,5954,0,1,1,0,1
5/6/2017 0:25,5/6/2017 7:45,83%,7:20,,,11070,0,1,1,0,1
5/7/2017 21:51,5/8/2017 6:10,81%,8:18,,,4310,0,1,0,0,0
5/8/2017 22:28,5/9/2017 6:11,66%,7:43,,,8598,0,1,1,0,1
5/9/2017 23:33,5/10/2017 6:03,64%,6:29,,,6073,0,1,1,0,1
5/10/2017 6:04,5/10/2017 7:45,18%,1:40,,,0,0,0,0,0,0
5/10/2017 22:43,5/11/2017 6:16,82%,7:32,,,2854,0,1,1,0,0
5/11/2017 21:52,5/12/2017 6:40,95%,8:47,,,4280,0,1,1,0,1
5/13/2017 0:42,5/13/2017 7:41,73%,6:59,,,4068,0,1,1,0,1
5/14/2017 0:04,5/14/2017 8:11,73%,8:06,,,3298,0,0,1,0,0
5/14/2017 21:57,5/15/2017 6:20,77%,8:22,,,3958,0,1,1,0,0
5/15/2017 22:55,5/16/2017 6:30,75%,7:34,,,7661,0,1,1,0,1
5/16/2017 22:41,5/17/2017 6:17,73%,7:36,,,1865,0,0,1,0,0
5/17/2017 22:44,5/18/2017 6:40,90%,7:56,,,6764,0,1,1,0,1
5/18/2017 23:17,5/19/2017 6:27,88%,7:10,,,82,1,1,1,0,1
5/20/2017 1:04,5/20/2017 8:56,73%,7:52,,,5606,0,1,1,0,1
5/22/2017 22:29,5/23/2017 7:35,90%,9:06,,,8858,0,0,1,0,1
5/24/2017 0:14,5/24/2017 7:46,70%,7:32,,,14276,0,1,0,0,1
5/24/2017 22:09,5/25/2017 6:37,82%,8:28,,,3884,0,0,1,0,1
5/25/2017 22:19,5/26/2017 6:24,73%,8:04,,,4565,0,0,1,0,1
5/28/2017 0:18,5/28/2017 8:01,81%,7:43,,,3770,0,1,0,0,1
5/28/2017 22:37,5/29/2017 6:18,75%,7:41,,,1450,0,1,0,0,0
5/29/2017 22:28,5/30/2017 6:11,88%,7:42,,,7711,1,1,0,0,1
5/30/2017 21:59,5/31/2017 6:20,75%,8:21,,,6430,0,1,0,1,1
5/31/2017 22:26,6/1/2017 5:45,86%,7:19,,,6964,0,1,1,0,1
6/1/2017 22:59,6/2/2017 6:40,80%,7:41,,,4562,0,1,1,0,1
6/2/2017 22:05,6/3/2017 6:11,69%,8:05,,,1867,0,1,1,0,0
6/3/2017 21:56,6/4/2017 7:13,72%,9:16,,,8205,0,1,0,0,1
6/4/2017 23:14,6/5/2017 6:21,67%,7:06,,,6705,0,1,0,0,0
6/5/2017 22:30,6/6/2017 6:17,74%,7:47,,,7820,0,1,0,0,1
6/6/2017 21:38,6/7/2017 5:53,76%,8:14,,,5391,1,1,1,0,1
6/7/2017 22:54,6/8/2017 6:34,41%,7:40,,,10542,0,1,1,0,1
6/8/2017 21:47,6/9/2017 6:17,70%,8:30,,,255,0,0,1,0,0
6/10/2017 0:07,6/10/2017 7:55,67%,7:47,,,10427,0,0,0,0,0
6/11/2017 22:18,6/12/2017 6:10,78%,7:52,,,6507,0,0,0,0,0
6/12/2017 21:44,6/13/2017 6:17,93%,8:32,,,10373,0,0,0,0,0
6/13/2017 22:18,6/14/2017 6:12,74%,7:54,,,9204,0,0,0,0,0
6/14/2017 22:34,6/15/2017 6:13,68%,7:38,,,5027,0,0,0,0,0
6/15/2017 22:19,6/16/2017 6:07,76%,7:48,,,7106,0,0,0,0,0
6/18/2017 5:01,6/18/2017 7:34,31%,2:33,,,12153,0,0,0,0,0
6/18/2017 7:35,6/18/2017 8:09,7%,0:34,,,804,0,0,0,0,0
6/18/2017 22:22,6/19/2017 6:02,66%,7:39,,,5251,0,0,0,0,0
6/19/2017 22:57,6/20/2017 6:24,70%,7:26,,,6672,0,0,0,0,0
6/20/2017 22:31,6/21/2017 6:15,77%,7:43,,,7007,0,0,0,0,0
6/21/2017 6:16,6/21/2017 7:03,10%,0:47,,,0,0,0,0,0,0
6/21/2017 22:32,6/22/2017 6:10,72%,7:37,,,4898,0,0,0,0,0
6/22/2017 23:37,6/23/2017 6:38,59%,7:00,,,7064,0,0,0,0,0
6/23/2017 23:26,6/24/2017 7:11,74%,7:44,,,114,0,0,0,0,0
6/25/2017 22:08,6/26/2017 6:18,83%,8:10,,,3403,0,0,0,0,0
6/26/2017 21:24,6/27/2017 6:15,90%,8:51,,,6043,0,0,0,0,0
6/27/2017 21:52,6/28/2017 6:33,86%,8:41,,,8946,0,0,0,0,0
6/28/2017 21:53,6/29/2017 6:21,69%,8:28,,,7778,0,0,0,0,0
6/29/2017 22:32,6/30/2017 6:33,77%,8:00,,,5510,0,0,0,0,0
7/3/2017 0:31,7/3/2017 7:44,81%,7:12,,,17770,0,0,0,0,0
7/3/2017 22:37,7/4/2017 6:18,73%,7:41,,,10604,0,0,0,0,0
7/4/2017 22:07,7/5/2017 5:55,74%,7:48,,,7474,0,0,0,0,0
7/5/2017 21:48,7/6/2017 5:43,66%,7:55,,,6430,0,0,0,0,0
7/6/2017 22:33,7/7/2017 6:31,73%,7:57,,,11076,0,0,0,0,0
7/9/2017 22:36,7/10/2017 5:59,70%,7:22,,,12647,0,0,0,0,0
7/10/2017 22:25,7/11/2017 6:01,74%,7:35,,,4260,0,0,0,0,0
7/11/2017 21:39,7/12/2017 6:06,65%,8:26,,,5504,0,0,0,0,0
7/12/2017 23:12,7/13/2017 6:25,67%,7:13,,,6915,0,0,0,0,0
7/13/2017 22:30,7/14/2017 6:45,81%,8:14,,,3919,0,0,0,0,0
7/15/2017 1:10,7/15/2017 7:54,78%,6:43,,,5342,0,0,0,0,0
7/16/2017 2:12,7/16/2017 7:53,69%,5:40,,,3739,0,0,0,0,0
7/16/2017 22:08,7/17/2017 6:25,70%,8:17,,,5925,0,0,0,0,0
7/17/2017 22:51,7/18/2017 6:17,71%,7:26,,,4840,0,0,0,0,0
7/18/2017 22:00,7/19/2017 6:39,84%,8:39,,,5157,0,0,0,0,0
7/19/2017 21:45,7/20/2017 5:55,87%,8:09,,,4336,0,0,0,0,0
7/22/2017 1:06,7/22/2017 7:54,68%,6:48,,,135,0,0,0,0,0
7/22/2017 23:13,7/23/2017 7:10,78%,7:57,,,5579,0,0,0,0,0
7/23/2017 21:57,7/24/2017 5:49,84%,7:51,,,3901,0,0,0,0,0
7/25/2017 5:34,7/25/2017 5:55,5%,0:21,,,6485,0,0,0,0,0
7/25/2017 22:04,7/26/2017 5:48,87%,7:43,,,5451,0,0,0,0,0
7/26/2017 22:29,7/27/2017 6:05,74%,7:35,,,2899,0,0,0,0,0
7/27/2017 21:53,7/28/2017 5:50,51%,7:57,,,1552,0,0,0,0,0
7/28/2017 23:29,7/29/2017 6:22,38%,6:53,,,5221,0,0,0,0,0
7/29/2017 22:00,7/30/2017 6:50,72%,8:49,,,3834,0,0,0,0,0
7/30/2017 23:20,7/31/2017 6:33,89%,7:12,,,1018,0,0,0,0,0
7/31/2017 22:39,8/1/2017 6:19,82%,7:39,,,1837,0,0,0,0,0
8/1/2017 23:15,8/2/2017 6:10,77%,6:54,,,893,0,0,0,0,0
8/2/2017 22:32,8/3/2017 6:06,81%,7:33,,,5280,0,0,0,0,0
8/3/2017 23:14,8/4/2017 6:32,80%,7:18,,,3584,0,0,0,0,0
8/4/2017 22:59,8/5/2017 7:31,76%,8:31,,,1114,0,0,0,0,0
8/5/2017 23:37,8/6/2017 7:38,81%,8:00,,,5152,0,0,0,0,0
8/6/2017 23:03,8/7/2017 8:12,99%,9:08,,,3045,0,0,0,0,0
8/7/2017 23:14,8/8/2017 7:41,73%,8:26,,,2429,0,0,0,0,0
8/8/2017 22:34,8/9/2017 6:05,81%,7:31,,,7187,0,0,0,0,0
8/9/2017 23:22,8/10/2017 5:53,59%,6:30,,,4488,0,0,0,0,0
8/12/2017 22:58,8/13/2017 6:40,79%,7:42,,,5541,0,0,0,0,0
8/13/2017 22:46,8/14/2017 5:51,58%,7:04,,,6246,0,0,0,0,0
8/14/2017 22:32,8/15/2017 5:51,67%,7:18,,,7940,0,0,0,0,0
8/15/2017 21:56,8/16/2017 6:30,83%,8:34,,,5029,0,0,0,0,0
8/16/2017 22:01,8/17/2017 5:29,81%,7:27,,,9185,0,0,0,0,0
8/17/2017 20:36,8/18/2017 4:53,35%,8:16,,,7581,0,0,0,0,0
8/25/2017 23:37,8/26/2017 6:38,30%,7:00,,,10605,0,0,0,0,0
8/27/2017 22:15,8/28/2017 7:00,94%,8:44,,,13476,0,0,0,0,0
8/28/2017 22:03,8/29/2017 7:20,82%,9:17,,,3921,0,0,0,0,0
8/30/2017 23:01,8/31/2017 6:38,74%,7:37,,,3332,0,0,0,0,0
8/31/2017 23:01,9/1/2017 7:16,81%,8:15,,,3001,0,0,0,0,0
9/1/2017 22:33,9/2/2017 7:38,89%,9:04,,,7268,0,0,0,0,0
9/3/2017 0:46,9/3/2017 8:08,81%,7:21,,,4835,0,0,0,0,0
9/3/2017 23:07,9/4/2017 7:22,84%,8:14,,,3230,0,0,0,0,0
9/4/2017 22:49,9/5/2017 6:07,59%,7:17,,,1333,0,0,0,0,0
9/5/2017 22:38,9/6/2017 6:08,81%,7:30,,,8922,0,0,0,0,0
9/6/2017 22:02,9/7/2017 6:02,79%,7:59,,,5095,0,0,0,0,0
9/7/2017 22:26,9/8/2017 6:05,77%,7:39,,,5470,0,0,0,0,0
9/9/2017 21:24,9/10/2017 6:13,74%,8:48,,,2257,0,0,0,0,0
9/11/2017 22:39,9/12/2017 6:06,56%,7:27,,,12094,0,0,0,0,0
9/12/2017 22:03,9/13/2017 6:08,86%,8:04,,,6059,0,0,0,0,0
9/13/2017 23:43,9/14/2017 6:32,55%,6:48,,,6075,0,0,0,0,0
9/14/2017 22:06,9/15/2017 6:05,79%,7:59,,,4400,0,0,0,0,0
9/16/2017 0:18,9/16/2017 8:51,91%,8:33,,,4880,0,0,0,0,0
9/17/2017 22:50,9/18/2017 6:32,71%,7:41,,,7213,0,0,0,0,0
9/18/2017 22:19,9/19/2017 6:04,69%,7:44,,,3640,0,0,0,0,0
9/19/2017 22:16,9/20/2017 6:04,76%,7:47,,,5184,0,0,0,0,0
9/20/2017 22:04,9/21/2017 6:06,65%,8:02,,,4443,0,0,0,0,0
9/21/2017 22:23,9/22/2017 6:07,72%,7:44,,,5242,0,0,0,0,0
9/24/2017 21:44,9/25/2017 5:57,80%,8:13,,,5142,0,0,0,0,0
9/25/2017 22:17,9/26/2017 6:19,73%,8:01,,,5050,0,0,0,0,0
9/26/2017 23:01,9/27/2017 5:49,66%,6:47,,,1706,0,0,0,0,0
9/27/2017 22:06,9/28/2017 6:08,83%,8:02,,,10076,0,0,0,0,0
9/28/2017 23:36,9/29/2017 6:41,75%,7:04,,,5320,0,0,0,0,0
9/29/2017 23:14,9/30/2017 8:00,80%,8:46,,,2809,0,0,0,0,0
10/1/2017 0:03,10/1/2017 7:36,79%,7:33,,,6235,0,0,0,0,0
10/1/2017 21:44,10/2/2017 6:05,69%,8:21,,,2757,0,0,0,0,0
10/2/2017 22:55,10/3/2017 6:00,76%,7:05,,,5551,0,0,0,0,0
10/3/2017 21:41,10/4/2017 6:25,96%,8:44,,,3729,0,0,0,0,0
10/4/2017 22:44,10/5/2017 6:05,75%,7:20,,,7101,0,0,0,0,0
10/5/2017 21:24,10/6/2017 4:37,76%,7:13,,,4906,0,0,0,0,0
10/6/2017 22:56,10/7/2017 7:44,55%,8:47,,,4507,0,0,0,0,0
10/7/2017 21:57,10/8/2017 8:05,71%,10:07,,,1588,0,0,0,0,0
10/9/2017 22:27,10/10/2017 6:10,79%,7:42,,,3951,0,0,0,0,0
10/10/2017 22:23,10/11/2017 6:00,80%,7:36,,,5912,0,0,0,0,0
10/11/2017 22:32,10/12/2017 6:10,71%,7:38,,,5314,0,0,0,0,0
10/12/2017 22:22,10/13/2017 6:37,79%,8:14,,,3240,0,0,0,0,0
10/13/2017 23:03,10/14/2017 8:15,88%,9:11,,,356,0,0,0,0,0
10/14/2017 22:58,10/15/2017 7:24,80%,8:25,,,388,0,0,0,0,0
10/15/2017 22:47,10/16/2017 5:56,69%,7:09,,,4287,0,0,0,0,0
10/16/2017 21:51,10/17/2017 6:01,74%,8:09,,,7129,0,0,0,0,0
10/17/2017 21:41,10/18/2017 6:02,78%,8:21,,,3342,0,0,0,0,0
10/19/2017 0:01,10/19/2017 6:02,60%,6:00,,,4074,0,0,0,0,0
10/19/2017 21:13,10/20/2017 6:14,100%,9:00,,,907,0,0,0,0,0
10/21/2017 0:05,10/21/2017 7:57,89%,7:51,,,5899,0,0,0,0,0
10/22/2017 0:25,10/22/2017 7:45,79%,7:20,,,71,0,0,0,0,0
10/22/2017 21:50,10/23/2017 6:00,82%,8:10,,,5210,0,0,0,0,0
10/23/2017 22:18,10/24/2017 6:01,65%,7:42,,,6636,0,0,0,0,0
10/24/2017 22:15,10/25/2017 6:06,83%,7:51,,,5355,0,0,0,0,0
10/25/2017 21:55,10/26/2017 6:00,65%,8:05,,,4119,0,0,0,0,0
10/27/2017 1:50,10/27/2017 6:51,59%,5:01,,,5364,0,0,0,0,0
10/28/2017 22:51,10/29/2017 7:51,91%,9:00,,,1097,0,0,0,0,0
10/29/2017 22:26,10/30/2017 6:00,78%,7:34,,,1430,0,0,0,0,0
10/30/2017 22:52,10/31/2017 5:43,62%,6:51,,,7603,0,0,0,0,0
10/31/2017 23:29,11/1/2017 5:02,49%,5:33,,,9304,0,0,0,0,0
11/2/2017 21:25,11/3/2017 6:21,74%,8:56,,,5051,0,0,0,0,0
11/3/2017 23:23,11/4/2017 7:26,89%,8:02,,,787,0,0,0,0,0
11/5/2017 22:30,11/6/2017 6:05,70%,7:35,,,5504,0,0,0,0,0
11/6/2017 22:08,11/7/2017 5:58,75%,7:49,,,3709,0,0,0,0,0
11/7/2017 21:01,11/8/2017 5:45,90%,8:43,,,144,0,0,0,0,0
11/8/2017 23:11,11/9/2017 6:30,76%,7:18,,,6094,0,0,0,0,0
11/9/2017 22:04,11/10/2017 7:15,96%,9:11,,,847,0,0,0,0,0
11/10/2017 23:29,11/11/2017 7:21,83%,7:51,,,5919,0,0,0,0,0
11/11/2017 23:06,11/12/2017 7:18,84%,8:11,,,1751,0,0,0,0,0
11/12/2017 23:39,11/13/2017 8:30,79%,8:50,,,3789,0,0,0,0,0
11/14/2017 21:16,11/15/2017 6:50,93%,9:34,,,52,0,0,0,0,0
11/15/2017 21:23,11/16/2017 6:51,85%,9:27,,,27,0,0,0,0,0
11/16/2017 22:33,11/17/2017 6:07,80%,7:34,,,430,0,0,0,0,0
11/17/2017 23:08,11/18/2017 7:20,91%,8:11,,,3281,0,0,0,0,0
11/19/2017 21:58,11/20/2017 6:02,82%,8:04,,,4153,0,0,0,0,0
11/20/2017 22:26,11/21/2017 6:00,86%,7:33,,,6494,0,0,0,0,0
11/21/2017 22:26,11/22/2017 5:57,68%,7:31,,,9426,0,0,0,0,0
11/22/2017 22:34,11/23/2017 6:01,80%,7:26,,,7565,0,0,0,0,0
11/23/2017 22:56,11/24/2017 6:30,80%,7:33,,,5735,0,0,0,0,0
11/25/2017 23:14,11/26/2017 8:19,100%,9:05,,,5116,0,0,0,0,0
11/26/2017 22:10,11/27/2017 6:05,63%,7:55,,,27,0,0,0,0,0
11/27/2017 22:36,11/28/2017 5:58,73%,7:22,,,0,0,0,0,0,0
11/28/2017 22:54,11/29/2017 6:09,80%,7:14,,,6417,0,0,0,0,0
11/29/2017 22:33,11/30/2017 6:26,83%,7:52,,,0,0,0,0,0,0
11/30/2017 20:54,12/1/2017 5:55,77%,9:01,,,0,0,0,0,0,0
12/3/2017 23:10,12/4/2017 6:15,63%,7:05,,,3400,0,0,0,0,0
12/4/2017 21:20,12/5/2017 5:50,70%,8:29,,,6015,0,0,0,0,0
12/5/2017 22:56,12/6/2017 6:15,68%,7:19,,,3179,0,0,0,0,0
12/6/2017 21:56,12/7/2017 5:50,63%,7:53,,,6346,0,0,0,0,0
12/7/2017 22:04,12/8/2017 6:31,82%,8:27,,,218,0,0,0,0,0
12/9/2017 23:39,12/10/2017 8:15,95%,8:35,,,0,0,0,0,0,0
12/10/2017 22:16,12/11/2017 6:06,70%,7:49,,,96,0,0,0,0,0
12/11/2017 21:47,12/12/2017 5:57,68%,8:09,,,7339,0,0,0,0,0
12/12/2017 22:09,12/13/2017 5:55,72%,7:45,,,6970,0,0,0,0,0
12/14/2017 22:47,12/15/2017 5:51,60%,7:04,,,1566,0,0,0,0,0
12/17/2017 21:35,12/18/2017 6:08,80%,8:33,,,5184,0,0,0,0,0
12/18/2017 21:39,12/19/2017 6:05,79%,8:26,,,75,0,0,0,0,0
12/19/2017 22:05,12/20/2017 6:25,79%,8:20,,,3088,0,0,0,0,0
12/20/2017 21:30,12/21/2017 5:52,59%,8:22,,,4553,0,0,0,0,0
12/21/2017 22:10,12/22/2017 6:55,75%,8:44,,,1306,0,0,0,0,0
12/26/2017 21:19,12/27/2017 7:55,97%,10:35,,,373,0,0,0,0,0
12/29/2017 0:06,12/29/2017 7:57,75%,7:50,,,5168,0,0,0,0,0
12/29/2017 22:00,12/30/2017 8:08,75%,10:08,,,61,0,0,0,0,0
1/1/2018 21:30,1/2/2018 5:56,81%,8:25,,,2544,0,0,0,0,0
1/2/2018 22:31,1/3/2018 5:48,76%,7:17,,,475,0,0,0,0,0
1/3/2018 20:28,1/4/2018 3:40,0%,0:00,,,47,0,0,0,0,0
1/4/2018 22:19,1/5/2018 7:25,91%,9:05,,,5064,0,0,0,0,0
1/6/2018 23:13,1/7/2018 8:00,86%,8:46,,,2101,0,0,0,0,0
1/7/2018 22:09,1/8/2018 6:10,83%,8:01,,,1334,0,0,0,0,0
1/8/2018 22:53,1/9/2018 5:45,77%,6:51,,,2262,0,0,0,0,0
1/9/2018 22:22,1/10/2018 6:23,90%,8:01,,,4529,0,0,0,0,0
1/10/2018 21:31,1/11/2018 5:10,71%,7:38,,,6224,0,0,0,0,0
1/11/2018 21:54,1/12/2018 5:01,70%,7:06,,,47,0,0,0,0,0
1/12/2018 21:50,1/13/2018 7:38,70%,9:48,,,6296,0,0,0,0,0
1/13/2018 22:07,1/14/2018 7:09,64%,9:02,,,2405,0,0,0,0,0
1/14/2018 22:02,1/15/2018 5:50,73%,7:48,,,9237,0,0,0,0,0
1/15/2018 22:45,1/16/2018 6:00,79%,7:15,,,2818,0,0,0,0,0
1/16/2018 22:09,1/17/2018 6:01,71%,7:51,,,5752,0,0,0,0,0
1/17/2018 22:45,1/18/2018 6:12,84%,7:27,,,6631,0,0,0,0,0
1/18/2018 22:46,1/19/2018 6:48,59%,8:02,,,9516,0,0,0,0,0
1/19/2018 22:21,1/20/2018 8:22,71%,10:01,,,4454,0,0,0,0,0
1/20/2018 23:44,1/21/2018 7:01,67%,7:17,,,7253,0,0,0,0,0
1/21/2018 22:04,1/22/2018 6:01,84%,7:56,,,22,0,0,0,0,0
1/22/2018 23:15,1/23/2018 6:00,66%,6:44,,,2334,0,0,0,0,0
1/23/2018 21:41,1/24/2018 6:00,73%,8:18,,,2867,0,0,0,0,0
1/24/2018 20:58,1/25/2018 6:02,84%,9:03,,,4881,0,0,0,0,0
1/25/2018 23:17,1/26/2018 6:00,72%,6:43,,,2149,0,0,0,0,0
1/26/2018 22:13,1/27/2018 7:20,92%,9:07,,,1720,0,0,0,0,0
1/28/2018 1:21,1/28/2018 8:49,81%,7:27,,,6518,0,0,0,0,0
1/28/2018 21:30,1/29/2018 5:00,69%,7:29,,,29,0,0,0,0,0
1/29/2018 21:37,1/30/2018 6:01,79%,8:23,,,107,0,0,0,0,0
1/30/2018 22:18,1/31/2018 6:03,77%,7:44,,,5277,0,0,0,0,0
1/31/2018 22:29,2/1/2018 6:02,72%,7:32,,,1325,0,0,0,0,0
2/1/2018 21:25,2/2/2018 6:45,80%,9:20,,,3319,0,0,0,0,0
2/3/2018 2:20,2/3/2018 7:44,65%,5:23,,,4810,0,0,0,0,0
2/3/2018 8:32,2/3/2018 9:08,8%,0:36,,,166,0,0,0,0,0
2/3/2018 22:29,2/4/2018 7:37,96%,9:08,,,362,0,0,0,0,0
2/4/2018 23:09,2/5/2018 6:01,72%,6:52,,,2528,0,0,0,0,0
2/5/2018 22:02,2/6/2018 6:00,78%,7:58,,,7982,0,0,0,0,0
2/6/2018 21:44,2/7/2018 6:12,82%,8:28,,,5039,0,0,0,0,0
2/7/2018 23:18,2/8/2018 6:48,73%,7:29,,,2435,0,0,0,0,0
2/8/2018 22:41,2/9/2018 6:00,93%,7:18,,,68,0,0,0,0,0
2/9/2018 23:07,2/10/2018 7:26,76%,8:18,,,5598,0,0,0,0,0
2/11/2018 22:44,2/12/2018 7:08,91%,8:24,,,1901,0,0,0,0,0
2/12/2018 21:54,2/13/2018 7:02,91%,9:08,,,56,0,0,0,0,0
2/13/2018 23:49,2/14/2018 7:00,81%,7:11,,,64,0,0,0,0,0
2/14/2018 21:24,2/15/2018 6:20,71%,8:56,,,3316,0,0,0,0,0
2/15/2018 21:36,2/16/2018 6:50,80%,9:13,,,6555,0,0,0,0,0
2/16/2018 22:52,2/17/2018 7:48,91%,8:55,,,2291,0,0,0,0,0
