,Start,End,Sleep quality,Time in bed,Activity (steps),Stressful day Total,Drank coffee Total,Drank tea Total,Ate late Total,Worked out Total
0,2014-12-29 22:57:00,2014-12-30 07:30:00,1.0,499.20000000000005,0,0,0,0,0,0
1,2014-12-30 21:17:00,2014-12-30 21:33:00,0.03,9.6,0,1,0,0,0,0
2,2014-12-30 22:42:00,2014-12-31 07:13:00,0.98,498.00000000000006,0,0,0,0,0,0
3,2014-12-31 22:31:00,2015-01-01 06:03:00,0.65,439.20000000000005,0,0,0,0,0,0
4,2015-01-01 22:12:00,2015-01-02 04:56:00,0.72,386.40000000000003,0,0,1,1,0,0
5,2015-01-03 00:34:00,2015-01-03 07:47:00,0.83,427.2,0,0,1,1,0,0
6,2015-01-04 00:23:00,2015-01-04 07:37:00,0.78,428.4,0,0,0,1,0,0
7,2015-01-04 21:34:00,2015-01-05 04:53:00,0.78,430.79999999999995,0,0,1,0,1,0
8,2015-01-05 21:32:00,2015-01-06 05:00:00,0.69,436.2,0,0,1,1,0,1
9,2015-01-06 21:24:00,2015-01-07 05:00:00,0.74,441.0,0,0,0,1,0,1
10,2015-01-07 20:59:00,2015-01-08 06:19:00,0.81,551.4,0,1,1,1,0,0
11,2015-01-08 22:58:00,2015-01-09 06:14:00,0.88,429.6,0,0,1,1,0,0
12,2015-01-09 22:27:00,2015-01-10 07:29:00,0.77,540.6,0,0,1,1,0,0
13,2015-01-10 22:38:00,2015-01-11 07:28:00,0.89,510.0,0,0,1,1,0,0
14,2015-01-11 22:12:00,2015-01-12 06:20:00,0.78,484.8,0,0,0,1,0,0
15,2015-01-12 21:01:00,2015-01-13 06:13:00,1.0,546.5999999999999,0,0,0,1,0,1
16,2015-01-13 22:14:00,2015-01-14 06:20:00,1.0,483.6,0,0,1,1,0,0
17,2015-01-14 21:48:00,2015-01-15 05:02:00,0.88,427.8,0,0,1,1,0,1
18,2015-01-15 21:32:00,2015-01-16 04:54:00,0.87,433.2,0,0,0,1,0,0
19,2015-01-17 02:11:00,2015-01-17 09:03:00,0.83,390.59999999999997,0,0,1,1,0,0
20,2015-01-17 23:55:00,2015-01-18 07:47:00,0.93,450.59999999999997,0,0,1,1,0,0
21,2015-01-18 21:51:00,2015-01-19 05:04:00,0.58,427.2,0,0,1,0,0,0
22,2015-01-19 05:06:00,2015-01-19 06:20:00,0.16,67.8,0,0,0,0,0,0
23,2015-01-19 21:45:00,2015-01-20 05:45:00,0.75,480.0,0,0,1,1,0,1
24,2015-01-20 21:42:00,2015-01-21 05:45:00,0.8,481.2,0,0,1,1,0,1
25,2015-01-21 22:34:00,2015-01-22 06:17:00,0.87,445.2,0,0,1,1,0,1
26,2015-01-25 20:55:00,2015-01-26 06:14:00,0.87,551.4,0,0,1,0,0,0
27,2015-01-26 22:36:00,2015-01-27 06:11:00,0.83,441.0,0,1,1,1,0,0
28,2015-01-28 21:43:00,2015-01-29 05:20:00,0.76,442.2,0,1,1,1,0,0
29,2015-01-29 22:23:00,2015-01-30 05:29:00,0.67,423.0,0,0,1,1,0,1
30,2015-01-31 00:13:00,2015-01-31 08:17:00,0.93,481.79999999999995,0,1,1,1,0,0
31,2015-02-01 21:55:00,2015-02-02 05:09:00,0.64,427.8,0,0,1,1,0,0
32,2015-02-02 22:30:00,2015-02-03 06:20:00,0.75,449.40000000000003,0,0,0,1,0,0
33,2015-02-03 22:47:00,2015-02-04 06:20:00,0.72,439.20000000000005,0,0,1,1,0,0
34,2015-02-04 23:03:00,2015-02-05 06:10:00,0.7,424.20000000000005,0,0,0,1,0,1
35,2015-02-08 22:30:00,2015-02-09 06:48:00,0.89,490.2,0,0,1,1,0,0
36,2015-02-09 21:55:00,2015-02-10 06:13:00,0.85,490.2,0,0,1,0,0,0
37,2015-02-10 22:20:00,2015-02-11 06:20:00,0.59,480.0,0,0,1,0,0,0
38,2015-02-11 21:53:00,2015-02-12 05:30:00,0.67,441.6,0,0,1,1,0,1
39,2015-02-12 22:34:00,2015-02-13 05:24:00,0.69,389.40000000000003,0,0,1,1,0,1
40,2015-02-15 22:16:00,2015-02-16 05:20:00,0.74,422.4,0,0,1,0,0,0
41,2015-02-17 00:02:00,2015-02-17 06:16:00,0.78,367.8,0,0,1,1,0,1
42,2015-02-17 22:20:00,2015-02-18 05:05:00,0.7,387.0,0,0,1,1,0,0
43,2015-02-19 22:39:00,2015-02-20 06:20:00,0.77,444.0,0,1,1,1,0,0
44,2015-02-21 00:31:00,2015-02-21 07:32:00,0.72,420.0,0,0,1,1,0,1
45,2015-02-21 22:54:00,2015-02-22 07:49:00,0.92,513.0,0,0,1,1,0,0
46,2015-02-22 22:18:00,2015-02-23 06:20:00,0.87,481.2,0,0,1,0,0,0
47,2015-02-24 22:30:00,2015-02-25 06:20:00,0.69,449.40000000000003,0,0,1,1,0,0
48,2015-02-26 01:22:00,2015-02-26 07:16:00,0.65,332.4,0,0,1,1,0,0
49,2015-02-26 21:42:00,2015-02-27 05:37:00,0.9,452.4,0,0,0,1,0,1
50,2015-03-01 20:14:00,2015-03-02 05:44:00,0.88,557.4,0,0,1,0,0,0
51,2015-03-03 21:47:00,2015-03-04 05:30:00,0.61,445.79999999999995,0,0,1,1,0,1
52,2015-03-04 20:53:00,2015-03-05 06:13:00,0.54,551.4,0,1,1,1,0,1
53,2015-03-05 22:29:00,2015-03-06 06:20:00,0.86,450.0,0,0,1,1,0,0
54,2015-03-08 22:54:00,2015-03-09 06:20:00,0.69,435.0,0,0,1,0,0,0
55,2015-03-09 21:28:00,2015-03-10 06:18:00,0.99,510.0,0,0,1,1,0,0
56,2015-03-10 22:17:00,2015-03-11 06:18:00,0.82,480.59999999999997,0,0,1,1,0,0
57,2015-03-11 21:39:00,2015-03-12 05:19:00,0.77,444.0,0,0,1,1,0,0
58,2015-03-12 21:44:00,2015-03-13 05:20:00,0.72,441.6,0,0,1,1,0,1
59,2015-03-15 21:50:00,2015-03-16 04:51:00,0.82,420.0,0,0,0,0,0,0
60,2015-03-16 21:48:00,2015-03-17 05:21:00,0.75,439.20000000000005,0,0,1,1,0,0
61,2015-03-17 23:57:00,2015-03-18 08:01:00,0.91,481.79999999999995,0,0,1,1,0,1
62,2015-03-21 01:10:00,2015-03-21 08:00:00,0.74,389.40000000000003,0,0,1,0,0,0
63,2015-03-22 23:07:00,2015-03-23 07:30:00,0.75,493.20000000000005,0,0,1,1,0,0
64,2015-03-24 22:11:00,2015-03-25 06:19:00,0.84,484.20000000000005,0,0,1,0,0,0
65,2015-03-25 22:00:00,2015-03-26 05:22:00,0.76,433.2,0,0,1,1,0,1
66,2015-03-26 21:23:00,2015-03-27 05:26:00,0.92,481.79999999999995,0,0,0,1,0,1
67,2015-03-30 22:30:00,2015-03-31 05:28:00,0.82,394.20000000000005,0,0,1,0,0,1
68,2015-03-31 22:17:00,2015-04-01 05:50:00,0.84,439.20000000000005,0,0,1,1,0,1
69,2015-04-04 23:13:00,2015-04-05 07:31:00,0.95,490.2,0,0,1,1,0,0
70,2015-04-06 21:22:00,2015-04-07 06:15:00,0.79,511.79999999999995,0,0,1,1,0,0
71,2015-04-07 21:17:00,2015-04-08 06:18:00,1.0,540.6,0,0,0,1,0,0
72,2015-04-08 22:09:00,2015-04-09 05:02:00,0.81,391.2,0,0,0,1,0,0
73,2015-04-09 21:56:00,2015-04-10 05:23:00,0.8,436.2,0,0,1,1,0,1
74,2015-04-10 23:51:00,2015-04-11 07:41:00,0.85,450.0,0,0,0,1,0,1
75,2015-04-11 23:16:00,2015-04-12 06:53:00,0.97,441.6,0,0,1,1,0,0
76,2015-04-12 22:04:00,2015-04-13 05:41:00,0.84,441.6,0,0,1,1,0,0
77,2015-04-13 22:19:00,2015-04-14 05:45:00,0.78,435.0,0,0,0,1,0,1
78,2015-04-15 00:28:00,2015-04-15 07:30:00,0.81,420.59999999999997,0,0,1,1,0,1
79,2015-04-16 23:20:00,2015-04-17 06:20:00,0.82,395.4,0,0,1,1,0,0
80,2015-04-17 23:50:00,2015-04-18 07:22:00,0.59,439.20000000000005,0,1,1,1,0,1
81,2015-04-20 22:37:00,2015-04-21 06:18:00,0.77,444.0,0,0,1,1,0,0
82,2015-04-22 21:31:00,2015-04-23 05:11:00,0.77,443.4,0,1,1,1,0,0
83,2015-04-23 21:46:00,2015-04-24 05:13:00,0.87,435.59999999999997,0,1,1,1,0,1
84,2015-04-25 22:53:00,2015-04-26 07:53:00,1.0,540.0,0,0,1,1,0,0
85,2015-04-26 21:51:00,2015-04-27 04:59:00,0.7,424.20000000000005,0,0,1,1,1,0
86,2015-04-27 21:35:00,2015-04-28 04:57:00,0.77,432.6,0,0,0,1,0,1
87,2015-04-28 21:41:00,2015-04-29 05:00:00,0.53,430.79999999999995,0,0,1,0,0,1
88,2015-04-30 23:13:00,2015-05-01 06:06:00,0.77,391.2,0,1,1,1,0,0
89,2015-05-01 22:20:00,2015-05-02 06:07:00,0.65,447.6,0,0,1,0,0,1
90,2015-05-05 22:23:00,2015-05-06 06:18:00,0.83,452.4,0,0,1,1,0,1
91,2015-05-06 21:47:00,2015-05-07 05:21:00,0.5,440.4,0,0,1,1,1,1
92,2015-05-07 21:22:00,2015-05-08 04:57:00,0.89,440.4,0,0,0,1,0,1
93,2015-05-09 01:58:00,2015-05-09 07:01:00,0.61,301.8,0,1,1,1,0,1
94,2015-05-10 22:11:00,2015-05-11 05:00:00,0.66,388.8,0,0,1,1,0,1
95,2015-05-11 21:57:00,2015-05-12 05:00:00,0.75,421.8,0,0,0,1,0,1
96,2015-05-12 22:04:00,2015-05-13 04:52:00,0.72,388.2,0,0,0,1,0,1
97,2015-05-14 22:49:00,2015-05-15 06:17:00,0.79,436.8,0,0,1,1,0,0
98,2015-05-17 21:03:00,2015-05-18 07:49:00,0.93,627.6,0,1,0,1,0,0
99,2015-05-18 22:39:00,2015-05-19 06:20:00,0.91,444.6,0,0,0,0,0,0
100,2015-05-20 22:22:00,2015-05-21 05:25:00,0.59,421.2,0,0,0,1,0,1
101,2015-05-21 22:47:00,2015-05-22 05:25:00,0.74,382.8,0,0,1,1,0,1
102,2015-05-24 00:01:00,2015-05-24 07:35:00,0.73,439.8,0,0,1,0,0,1
103,2015-05-24 22:58:00,2015-05-25 06:45:00,0.67,448.2,0,0,1,1,0,0
104,2015-05-25 22:05:00,2015-05-26 05:29:00,0.85,433.8,0,0,1,1,0,0
105,2015-05-26 22:18:00,2015-05-27 05:14:00,0.69,393.59999999999997,0,0,1,1,0,1
106,2015-05-28 23:10:00,2015-05-29 07:00:00,0.81,449.40000000000003,0,0,1,1,0,1
107,2015-05-31 23:16:00,2015-06-01 06:20:00,0.72,421.8,0,0,1,0,0,0
108,2015-06-01 22:20:00,2015-06-02 06:19:00,0.76,455.4,0,0,1,1,0,1
109,2015-06-03 22:19:00,2015-06-04 05:20:00,0.78,420.0,0,0,1,1,0,0
110,2015-06-04 22:20:00,2015-06-05 03:45:00,0.7,315.0,0,0,1,1,0,1
111,2015-06-05 03:45:00,2015-06-05 05:41:00,0.23,93.0,0,0,0,0,0,0
112,2015-06-07 22:01:00,2015-06-08 05:40:00,0.75,443.4,0,0,1,0,0,0
113,2015-06-08 21:57:00,2015-06-09 05:16:00,0.69,431.40000000000003,0,0,1,1,0,1
114,2015-06-09 21:07:00,2015-06-10 05:01:00,0.83,452.4,0,0,1,1,0,1
115,2015-06-10 21:12:00,2015-06-11 06:17:00,0.92,542.4,0,1,0,1,0,1
116,2015-06-11 22:54:00,2015-06-12 06:19:00,0.74,435.0,0,0,1,0,0,1
117,2015-06-14 22:38:00,2015-06-15 06:12:00,0.81,440.4,0,0,1,1,0,0
118,2015-06-15 22:31:00,2015-06-16 06:20:00,0.88,448.8,0,0,1,1,0,1
119,2015-06-16 22:21:00,2015-06-17 06:20:00,0.69,455.4,0,1,1,1,0,1
120,2015-06-17 21:28:00,2015-06-18 05:00:00,0.63,438.59999999999997,0,0,1,0,0,0
121,2015-06-18 22:26:00,2015-06-19 04:46:00,0.71,372.0,0,0,1,0,0,1
122,2015-06-22 21:54:00,2015-06-23 05:07:00,0.78,427.8,0,0,1,0,0,1
123,2015-06-23 22:09:00,2015-06-24 04:57:00,0.76,388.8,0,0,1,1,0,1
124,2015-06-24 04:58:00,2015-06-24 05:45:00,0.1,27.6,0,0,0,0,0,0
125,2015-06-24 22:37:00,2015-06-25 06:20:00,0.82,445.79999999999995,0,1,1,0,0,1
126,2015-07-11 22:29:00,2015-07-12 08:00:00,0.98,558.6,0,1,1,0,0,0
127,2015-07-19 21:38:00,2015-07-20 06:09:00,0.69,498.6,0,0,1,0,0,0
128,2015-07-20 22:01:00,2015-07-21 05:04:00,0.68,421.8,0,0,1,1,0,1
129,2015-07-21 22:02:00,2015-07-22 05:45:00,0.79,445.2,0,0,1,1,0,1
130,2015-07-23 22:29:00,2015-07-24 06:44:00,0.86,488.40000000000003,0,1,1,0,0,1
131,2015-07-26 22:29:00,2015-07-27 06:20:00,0.93,450.0,0,0,1,0,0,1
132,2015-07-28 21:32:00,2015-07-29 05:39:00,0.68,484.20000000000005,0,1,1,1,0,1
133,2015-07-29 23:06:00,2015-07-30 05:40:00,0.71,380.4,0,0,1,1,0,1
134,2015-07-30 21:40:00,2015-07-31 05:40:00,0.88,480.0,0,0,1,0,0,1
135,2015-08-01 01:41:00,2015-08-01 08:31:00,0.77,389.40000000000003,0,0,1,1,0,1
136,2015-08-01 22:55:00,2015-08-02 08:02:00,0.97,543.6,0,0,1,0,0,1
137,2015-08-02 23:45:00,2015-08-03 00:00:00,0.03,9.0,0,0,1,0,0,1
138,2015-08-03 00:26:00,2015-08-03 07:25:00,0.88,395.4,0,0,1,0,0,1
139,2015-08-03 21:46:00,2015-08-04 05:00:00,0.71,428.4,0,1,1,0,0,1
140,2015-08-04 21:17:00,2015-08-05 04:55:00,0.81,442.8,0,0,1,1,0,1
141,2015-08-05 21:35:00,2015-08-06 04:55:00,0.78,431.40000000000003,0,0,1,1,0,1
142,2015-08-08 00:19:00,2015-08-08 07:56:00,0.97,442.2,0,0,1,0,0,1
143,2015-08-10 00:01:00,2015-08-10 05:03:00,0.65,301.2,0,0,1,0,0,0
144,2015-08-10 21:11:00,2015-08-11 06:09:00,0.72,514.8,0,0,1,1,0,1
145,2015-08-15 23:41:00,2015-08-16 07:27:00,0.84,447.6,0,0,1,0,0,0
146,2015-08-16 21:44:00,2015-08-17 04:45:00,0.58,420.0,0,0,1,0,0,0
147,2015-08-17 22:13:00,2015-08-18 05:27:00,0.85,428.4,0,0,1,1,0,1
148,2015-08-18 22:33:00,2015-08-19 06:45:00,0.9,487.19999999999993,0,0,1,1,0,1
149,2015-08-19 21:48:00,2015-08-20 06:01:00,0.79,487.19999999999993,0,0,1,0,0,1
150,2015-08-20 22:36:00,2015-08-21 06:00:00,0.69,433.8,0,0,1,0,0,0
151,2015-08-21 21:52:00,2015-08-22 06:00:00,0.88,484.20000000000005,0,1,1,0,0,0
152,2015-08-22 21:59:00,2015-08-23 05:49:00,0.9,449.40000000000003,0,0,1,0,0,0
153,2015-08-23 21:59:00,2015-08-24 05:29:00,0.83,438.0,0,0,1,1,1,0
154,2015-08-25 21:57:00,2015-08-26 05:45:00,0.67,448.8,0,0,1,0,0,0
155,2015-08-26 21:14:00,2015-08-27 05:45:00,0.9,498.00000000000006,0,1,1,0,0,0
156,2015-08-27 21:19:00,2015-08-28 05:45:00,0.93,495.59999999999997,0,0,0,0,0,0
157,2015-08-28 22:01:00,2015-08-29 06:00:00,0.85,455.4,0,0,1,1,0,0
158,2015-08-30 22:00:00,2015-08-31 06:00:00,0.84,480.0,0,0,1,0,0,0
159,2015-08-31 22:14:00,2015-09-01 06:00:00,0.77,447.6,0,0,1,0,0,0
160,2015-09-01 22:00:00,2015-09-02 06:00:00,0.85,455.4,0,0,0,1,0,0
161,2015-09-02 23:36:00,2015-09-03 07:10:00,0.77,439.8,0,0,1,0,0,0
162,2015-09-05 22:54:00,2015-09-06 06:59:00,0.87,482.4,0,0,1,0,0,0
163,2015-09-07 22:45:00,2015-09-08 06:13:00,0.84,436.2,0,0,1,1,0,0
164,2015-09-08 22:03:00,2015-09-09 06:04:00,0.86,480.59999999999997,0,0,0,1,0,1
165,2015-09-09 22:40:00,2015-09-10 06:10:00,0.83,437.4,0,0,1,1,0,1
166,2015-09-10 22:10:00,2015-09-11 04:57:00,0.77,387.6,0,0,1,1,0,1
167,2015-09-12 00:06:00,2015-09-12 07:41:00,0.81,441.0,0,0,1,0,0,1
168,2015-09-13 22:03:00,2015-09-14 05:50:00,0.81,448.2,0,0,1,0,0,0
169,2015-09-14 22:33:00,2015-09-15 06:30:00,0.83,453.59999999999997,0,1,1,0,0,1
170,2015-09-15 22:14:00,2015-09-16 05:55:00,0.7,444.0,0,0,1,0,0,1
171,2015-09-16 21:59:00,2015-09-17 06:20:00,0.8,491.99999999999994,0,0,1,1,0,1
172,2015-09-17 22:57:00,2015-09-18 06:20:00,0.6,433.2,0,0,1,1,0,1
173,2015-09-19 00:31:00,2015-09-19 06:55:00,0.55,373.8,0,0,1,0,0,0
174,2015-09-19 22:01:00,2015-09-20 06:48:00,0.91,508.20000000000005,0,0,1,0,0,0
175,2015-09-20 22:07:00,2015-09-21 06:15:00,0.79,484.8,0,0,1,1,0,1
176,2015-09-22 21:34:00,2015-09-23 06:15:00,0.81,504.6,0,0,1,1,0,1
177,2015-09-23 21:37:00,2015-09-24 05:07:00,0.77,437.4,0,0,1,1,0,1
178,2015-09-24 22:37:00,2015-09-25 06:00:00,0.83,433.2,0,0,1,1,1,1
179,2015-09-27 22:57:00,2015-09-28 07:00:00,0.82,481.2,0,0,0,1,0,0
180,2015-09-28 21:12:00,2015-09-29 05:15:00,0.9,481.2,0,0,0,1,0,1
181,2015-09-29 22:54:00,2015-09-30 06:20:00,0.89,435.0,0,0,1,1,1,1
182,2015-09-30 23:57:00,2015-10-01 06:14:00,0.62,369.6,0,0,1,1,0,1
183,2015-10-03 00:09:00,2015-10-03 07:26:00,0.69,430.2,0,0,1,0,0,1
184,2015-10-11 00:27:00,2015-10-11 08:58:00,1.0,498.6,0,1,1,0,0,0
185,2015-10-12 21:59:00,2015-10-13 06:00:00,0.74,480.59999999999997,0,0,1,1,1,1
186,2015-10-13 22:19:00,2015-10-14 04:59:00,0.59,384.0,0,0,1,0,0,1
187,2015-10-14 05:00:00,2015-10-14 06:00:00,0.13,60.0,0,0,0,0,0,0
188,2015-10-14 22:40:00,2015-10-15 06:20:00,0.68,444.0,0,0,0,1,0,1
189,2015-10-15 22:12:00,2015-10-16 06:21:00,0.67,484.8,0,0,1,1,0,1
190,2015-10-17 00:45:00,2015-10-17 07:37:00,0.57,390.59999999999997,0,0,1,1,0,0
191,2015-10-18 21:52:00,2015-10-19 06:20:00,0.67,496.2,0,0,1,0,0,0
192,2015-10-20 21:38:00,2015-10-21 06:20:00,0.88,505.2,0,0,1,1,0,0
193,2015-10-21 22:41:00,2015-10-22 06:20:00,0.77,443.4,0,0,1,1,0,0
194,2015-10-22 21:46:00,2015-10-23 05:30:00,0.8,446.40000000000003,0,0,1,1,0,1
195,2015-10-24 00:32:00,2015-10-24 08:12:00,0.77,444.0,0,0,1,1,0,1
196,2015-10-24 22:38:00,2015-10-25 06:33:00,0.81,453.0,0,0,1,1,0,0
197,2015-10-26 23:09:00,2015-10-27 06:05:00,0.77,393.0,0,0,1,1,0,0
198,2015-10-27 21:34:00,2015-10-28 05:35:00,0.78,480.59999999999997,0,0,1,0,0,1
199,2015-10-28 22:28:00,2015-10-29 06:20:00,0.83,450.59999999999997,0,0,0,1,0,1
200,2015-10-29 22:30:00,2015-10-30 06:10:00,0.81,444.0,0,0,0,1,0,1
201,2015-10-31 01:01:00,2015-10-31 07:50:00,0.5,388.8,0,0,1,1,0,0
202,2015-11-02 22:00:00,2015-11-03 06:10:00,0.83,485.4,0,0,1,1,0,1
203,2015-11-03 22:46:00,2015-11-04 06:09:00,0.75,433.8,0,0,1,1,0,1
204,2015-11-04 22:49:00,2015-11-05 06:00:00,0.65,426.6,0,0,1,1,0,1
205,2015-11-05 21:36:00,2015-11-06 05:29:00,0.77,451.2,0,0,1,1,0,1
206,2015-11-07 00:19:00,2015-11-07 08:13:00,0.93,452.4,0,0,1,1,0,1
207,2015-11-08 23:28:00,2015-11-09 06:20:00,0.69,391.2,0,0,1,1,0,0
208,2015-11-09 21:59:00,2015-11-10 05:41:00,0.88,444.6,0,0,1,1,0,1
209,2015-11-10 22:56:00,2015-11-11 06:28:00,0.83,439.20000000000005,0,0,1,1,0,1
210,2015-11-11 22:57:00,2015-11-12 06:20:00,0.72,433.8,0,0,1,1,0,0
211,2015-11-13 22:59:00,2015-11-14 07:46:00,0.96,507.6,0,0,1,1,0,0
212,2015-11-15 22:17:00,2015-11-16 06:30:00,0.72,487.80000000000007,0,0,1,1,0,0
213,2015-11-18 22:07:00,2015-11-19 05:30:00,0.8,433.8,0,0,1,1,1,1
214,2015-11-19 23:10:00,2015-11-20 06:00:00,0.73,390.0,0,0,1,1,0,1
215,2015-11-22 21:57:00,2015-11-23 05:30:00,0.83,439.8,0,0,0,1,0,0
216,2015-11-23 22:15:00,2015-11-24 05:00:00,0.74,386.40000000000003,0,0,1,1,0,1
217,2015-11-24 22:33:00,2015-11-25 06:30:00,0.87,454.20000000000005,0,0,1,1,0,1
218,2015-11-25 23:26:00,2015-11-26 06:20:00,0.69,392.4,0,0,1,1,0,1
219,2015-11-26 22:25:00,2015-11-27 06:20:00,0.81,453.0,0,0,1,1,0,1
220,2015-11-28 01:20:00,2015-11-28 07:46:00,0.58,375.0,0,0,1,1,0,1
221,2015-11-29 22:20:00,2015-11-30 06:20:00,0.68,455.4,0,0,0,1,0,0
222,2015-11-30 21:23:00,2015-12-01 06:19:00,0.64,513.0,0,0,1,1,0,1
223,2015-12-01 23:03:00,2015-12-02 06:20:00,0.84,430.2,0,0,1,1,0,1
224,2015-12-02 22:19:00,2015-12-03 05:11:00,0.75,390.59999999999997,0,0,1,1,0,0
225,2015-12-03 22:51:00,2015-12-04 05:01:00,0.7,365.4,0,0,1,1,1,0
226,2015-12-06 22:10:00,2015-12-07 05:31:00,0.86,432.0,0,0,1,1,0,0
227,2015-12-07 21:20:00,2015-12-08 05:00:00,0.86,444.0,0,1,0,1,0,1
228,2015-12-08 22:17:00,2015-12-09 05:45:00,0.79,436.8,0,1,1,1,0,1
229,2015-12-09 21:57:00,2015-12-10 06:10:00,0.93,487.80000000000007,0,1,0,1,0,1
230,2015-12-13 00:08:00,2015-12-13 08:23:00,0.77,488.40000000000003,0,0,1,0,0,0
231,2015-12-13 22:07:00,2015-12-14 06:09:00,0.8,481.2,0,0,1,0,0,0
232,2015-12-15 22:32:00,2015-12-16 06:10:00,0.75,442.2,0,0,1,1,0,1
233,2015-12-16 22:20:00,2015-12-17 05:40:00,0.84,432.0,0,1,1,1,0,0
234,2015-12-17 21:07:00,2015-12-18 05:45:00,1.0,502.19999999999993,0,0,1,1,0,1
235,2015-12-20 22:19:00,2015-12-21 06:20:00,0.72,480.0,0,0,1,1,0,1
236,2015-12-21 22:06:00,2015-12-22 05:29:00,0.8,433.8,0,0,1,0,0,1
237,2015-12-22 21:41:00,2015-12-23 05:43:00,0.82,480.59999999999997,0,0,1,1,0,1
238,2015-12-23 22:33:00,2015-12-24 06:01:00,0.79,436.2,0,0,1,1,0,0
239,2015-12-29 22:44:00,2015-12-30 07:00:00,0.76,489.6,0,0,1,0,0,0
240,2016-01-01 23:53:00,2016-01-02 08:27:00,0.79,499.8,0,0,1,1,0,0
241,2016-01-02 23:49:00,2016-01-03 08:13:00,0.85,494.40000000000003,0,0,1,1,0,0
242,2016-01-03 21:44:00,2016-01-04 05:35:00,0.69,450.59999999999997,0,0,1,0,0,0
243,2016-01-04 22:17:00,2016-01-05 05:45:00,0.74,436.8,0,1,1,1,0,0
244,2016-01-05 22:18:00,2016-01-06 06:20:00,0.66,480.59999999999997,0,0,1,0,0,1
245,2016-01-13 22:44:00,2016-01-14 06:20:00,0.72,441.0,0,1,1,1,1,0
246,2016-01-14 22:10:00,2016-01-15 05:28:00,0.73,430.2,0,0,1,1,0,1
247,2016-01-17 22:00:00,2016-01-18 05:30:00,0.76,437.4,0,0,1,1,0,1
248,2016-01-18 21:56:00,2016-01-19 05:34:00,0.78,442.8,0,0,1,1,1,0
249,2016-01-19 22:46:00,2016-01-20 06:35:00,0.75,448.8,0,0,1,1,0,1
250,2016-01-20 21:13:00,2016-01-21 06:29:00,0.77,549.0,0,0,1,1,0,0
251,2016-01-21 21:33:00,2016-01-22 06:23:00,0.79,510.0,0,0,1,0,0,0
252,2016-01-22 22:17:00,2016-01-23 08:14:00,0.79,574.2,0,0,1,0,0,1
253,2016-01-24 22:06:00,2016-01-25 06:30:00,0.85,493.8,0,0,1,1,0,1
254,2016-01-25 22:27:00,2016-01-26 06:38:00,0.88,486.0,0,0,1,0,0,0
255,2016-01-26 22:58:00,2016-01-27 06:28:00,0.83,437.4,0,0,1,1,0,1
256,2016-01-27 22:02:00,2016-01-28 05:23:00,0.84,432.0,0,0,1,1,0,1
257,2016-01-28 22:11:00,2016-01-29 05:26:00,0.76,429.0,0,0,1,1,0,1
258,2016-01-29 21:47:00,2016-01-30 06:06:00,0.88,491.4,0,0,1,1,0,1
259,2016-01-31 22:58:00,2016-02-01 06:19:00,0.78,432.0,0,0,1,0,0,0
260,2016-02-01 22:02:00,2016-02-02 05:27:00,0.82,435.0,0,0,1,1,0,1
261,2016-02-02 21:47:00,2016-02-03 05:20:00,0.72,439.8,0,0,1,0,0,1
262,2016-02-03 22:54:00,2016-02-04 06:20:00,0.79,435.59999999999997,0,0,1,0,0,1
263,2016-02-04 22:17:00,2016-02-05 06:53:00,0.74,501.0,0,1,1,0,0,1
264,2016-02-05 23:45:00,2016-02-06 07:35:00,0.84,450.0,0,0,1,0,0,0
265,2016-02-06 22:55:00,2016-02-07 07:35:00,0.91,504.0,0,0,0,1,0,0
266,2016-02-08 00:44:00,2016-02-08 07:45:00,0.68,420.59999999999997,0,0,1,1,0,0
267,2016-02-08 22:43:00,2016-02-09 06:40:00,0.77,453.59999999999997,0,0,1,1,0,1
268,2016-02-09 21:57:00,2016-02-10 05:31:00,0.66,439.8,0,0,1,0,0,1
269,2016-02-13 23:41:00,2016-02-14 05:11:00,0.38,318.0,0,0,1,0,0,0
270,2016-02-14 22:07:00,2016-02-15 05:53:00,0.84,447.0,0,1,1,0,0,0
271,2016-02-15 22:07:00,2016-02-16 05:25:00,0.76,430.79999999999995,0,0,1,0,0,1
272,2016-02-16 22:20:00,2016-02-17 05:32:00,0.7,427.2,0,0,1,0,0,1
273,2016-02-17 21:33:00,2016-02-18 06:24:00,0.9,510.59999999999997,0,1,1,0,0,1
274,2016-02-18 22:47:00,2016-02-19 06:26:00,0.77,443.4,0,0,1,1,0,1
275,2016-02-20 23:12:00,2016-02-21 07:41:00,0.69,496.79999999999995,0,0,1,0,0,0
276,2016-02-22 22:04:00,2016-02-23 06:23:00,0.85,491.4,0,0,1,0,0,0
277,2016-02-23 22:18:00,2016-02-24 06:25:00,0.94,483.6,0,0,1,0,0,1
278,2016-02-24 21:59:00,2016-02-25 05:43:00,0.88,446.40000000000003,0,0,0,1,0,1
279,2016-02-26 00:15:00,2016-02-26 06:35:00,0.68,372.0,0,0,0,1,0,1
280,2016-02-27 23:33:00,2016-02-28 07:50:00,0.92,490.2,0,0,1,0,0,0
281,2016-02-28 22:19:00,2016-02-29 05:45:00,0.64,435.0,0,0,0,1,0,0
282,2016-02-29 21:55:00,2016-03-01 06:22:00,0.78,495.59999999999997,0,0,0,1,0,1
283,2016-03-01 23:22:00,2016-03-02 05:50:00,0.7,376.8,0,0,0,1,0,1
284,2016-03-02 22:15:00,2016-03-03 06:21:00,0.95,483.6,0,0,1,1,0,1
285,2016-03-03 22:01:00,2016-03-04 06:17:00,0.9,489.6,0,0,0,1,0,1
286,2016-03-05 23:20:00,2016-03-06 07:31:00,0.98,486.59999999999997,0,0,0,1,0,0
287,2016-03-06 23:08:00,2016-03-07 06:19:00,0.7,426.6,0,0,1,1,0,0
288,2016-03-07 22:50:00,2016-03-08 06:22:00,0.75,439.20000000000005,0,0,0,1,0,1
289,2016-03-08 21:40:00,2016-03-09 06:25:00,0.91,506.4,0,0,0,1,0,1
290,2016-03-09 22:40:00,2016-03-10 05:49:00,0.79,425.4,0,0,0,1,0,0
291,2016-03-10 21:35:00,2016-03-11 05:34:00,0.92,454.8,0,0,0,1,0,1
292,2016-03-12 01:33:00,2016-03-12 07:50:00,0.69,370.2,0,0,1,0,0,1
293,2016-03-12 23:44:00,2016-03-13 07:51:00,0.83,424.20000000000005,0,0,0,1,0,0
294,2016-03-13 22:47:00,2016-03-14 05:40:00,0.82,391.8,0,0,0,1,0,1
295,2016-03-14 22:16:00,2016-03-15 05:46:00,0.79,437.4,0,0,0,1,0,1
296,2016-03-15 22:41:00,2016-03-16 06:25:00,0.85,445.79999999999995,0,0,1,1,0,1
297,2016-03-16 22:25:00,2016-03-17 07:05:00,0.9,503.40000000000003,0,0,1,0,0,1
298,2016-03-17 22:46:00,2016-03-18 07:08:00,0.98,493.20000000000005,0,0,1,1,0,0
299,2016-03-18 22:17:00,2016-03-19 07:47:00,0.87,558.0,0,0,1,0,0,0
300,2016-03-20 22:13:00,2016-03-21 07:26:00,0.8,547.8000000000001,0,0,1,0,0,0
301,2016-03-21 22:37:00,2016-03-22 07:32:00,0.8,512.4,0,0,1,0,0,0
302,2016-03-22 21:22:00,2016-03-23 06:19:00,0.8,513.6,0,0,1,1,0,0
303,2016-03-23 22:06:00,2016-03-24 05:20:00,0.65,427.8,0,0,1,1,0,1
304,2016-03-27 23:28:00,2016-03-28 07:30:00,0.82,480.59999999999997,0,0,1,0,0,0
305,2016-03-28 23:32:00,2016-03-29 06:29:00,0.75,393.59999999999997,0,1,1,0,0,1
306,2016-03-29 23:12:00,2016-03-30 06:25:00,0.66,427.8,0,0,1,0,0,1
307,2016-03-30 22:58:00,2016-03-31 06:25:00,0.58,435.59999999999997,0,0,1,1,0,1
308,2016-03-31 22:47:00,2016-04-01 06:30:00,0.89,445.2,0,0,1,1,0,1
309,2016-04-02 21:20:00,2016-04-03 07:08:00,0.86,568.2,0,0,1,0,0,0
310,2016-04-03 21:44:00,2016-04-04 06:24:00,0.67,503.40000000000003,0,0,1,0,0,0
311,2016-04-04 21:23:00,2016-04-05 06:29:00,0.62,543.0,0,0,1,0,0,0
312,2016-04-05 21:13:00,2016-04-06 06:24:00,0.81,546.5999999999999,0,0,1,0,0,1
313,2016-04-06 23:00:00,2016-04-07 05:55:00,0.73,393.0,0,0,1,1,0,1
314,2016-04-07 21:48:00,2016-04-08 05:49:00,0.81,480.0,0,0,1,1,1,1
315,2016-04-09 00:51:00,2016-04-09 07:21:00,0.53,378.0,0,0,1,1,0,1
316,2016-04-09 22:59:00,2016-04-10 07:59:00,0.94,540.0,0,0,1,1,0,1
317,2016-04-10 22:04:00,2016-04-11 05:16:00,0.67,427.2,0,0,0,1,0,0
318,2016-04-11 22:35:00,2016-04-12 05:54:00,0.82,431.40000000000003,0,1,1,1,0,1
319,2016-04-12 22:18:00,2016-04-13 05:52:00,0.85,439.8,0,0,1,1,0,1
320,2016-04-13 22:27:00,2016-04-14 06:13:00,0.77,447.0,0,0,1,1,0,1
321,2016-04-14 21:43:00,2016-04-15 06:24:00,0.94,504.6,0,1,1,1,0,1
322,2016-04-15 22:38:00,2016-04-16 07:25:00,0.81,508.20000000000005,0,0,1,1,0,0
323,2016-04-17 21:34:00,2016-04-18 06:26:00,0.75,511.2,0,0,1,1,0,0
324,2016-04-19 21:21:00,2016-04-20 06:20:00,0.79,515.4,0,0,1,1,0,1
325,2016-04-20 21:25:00,2016-04-21 05:35:00,0.81,485.4,0,0,1,1,1,1
326,2016-04-21 21:54:00,2016-04-22 05:35:00,0.79,444.0,0,0,0,0,0,0
327,2016-04-22 05:37:00,2016-04-22 06:20:00,0.09,25.2,0,0,0,0,0,0
328,2016-04-23 00:46:00,2016-04-23 07:54:00,0.65,424.20000000000005,0,0,1,1,0,1
329,2016-04-24 22:30:00,2016-04-25 06:14:00,0.81,445.79999999999995,0,0,0,1,0,0
330,2016-04-25 22:07:00,2016-04-26 05:39:00,0.87,438.59999999999997,0,0,1,1,1,1
331,2016-04-26 22:48:00,2016-04-27 06:20:00,0.74,439.20000000000005,0,0,1,1,0,1
332,2016-04-27 22:24:00,2016-04-28 06:25:00,0.92,480.59999999999997,0,0,1,1,0,1
333,2016-04-28 22:23:00,2016-04-29 06:17:00,0.95,451.8,0,0,1,1,0,1
334,2016-04-29 22:47:00,2016-04-30 05:57:00,0.81,425.4,0,0,1,1,0,1
335,2016-05-01 21:27:00,2016-05-02 06:15:00,0.95,508.20000000000005,0,0,1,0,0,1
336,2016-05-02 21:50:00,2016-05-03 06:20:00,0.85,497.4,0,0,1,0,0,1
337,2016-05-03 22:19:00,2016-05-04 06:20:00,0.79,480.59999999999997,0,0,1,0,0,1
338,2016-05-04 22:16:00,2016-05-05 06:30:00,0.83,487.80000000000007,0,0,1,1,0,1
339,2016-05-05 22:20:00,2016-05-06 06:15:00,0.89,452.4,0,0,1,0,1,0
340,2016-05-06 23:07:00,2016-05-07 07:08:00,0.87,480.0,0,1,1,1,0,1
341,2016-05-07 23:20:00,2016-05-08 07:12:00,0.93,450.59999999999997,0,0,1,1,0,0
342,2016-05-08 23:44:00,2016-05-09 06:20:00,0.74,381.6,0,0,1,1,0,0
343,2016-05-09 22:10:00,2016-05-10 05:41:00,0.83,438.0,0,0,1,1,0,1
344,2016-05-10 23:10:00,2016-05-11 05:30:00,0.74,372.0,0,0,1,1,0,1
345,2016-05-11 22:43:00,2016-05-12 06:25:00,0.8,444.6,0,0,1,1,0,1
346,2016-05-12 23:50:00,2016-05-13 06:50:00,0.83,395.4,0,0,1,1,0,1
347,2016-05-13 23:08:00,2016-05-14 07:53:00,1.0,506.99999999999994,0,0,1,1,0,1
348,2016-05-15 21:34:00,2016-05-16 06:07:00,0.81,499.8,0,0,0,1,0,0
349,2016-05-16 21:34:00,2016-05-17 06:15:00,0.85,504.0,0,0,1,0,0,1
350,2016-05-17 20:53:00,2016-05-18 06:10:00,0.83,549.6,0,0,1,0,0,1
351,2016-05-18 22:26:00,2016-05-19 05:40:00,0.79,428.4,0,1,1,0,0,0
352,2016-05-20 00:00:00,2016-05-20 06:30:00,0.76,378.0,0,0,1,0,0,1
353,2016-05-20 23:14:00,2016-05-21 07:34:00,0.91,491.4,0,0,1,0,0,1
354,2016-05-23 22:34:00,2016-05-24 05:30:00,0.75,393.0,0,0,1,0,0,0
355,2016-05-24 22:00:00,2016-05-25 05:35:00,0.9,441.0,0,0,1,0,0,1
356,2016-05-25 22:21:00,2016-05-26 06:31:00,0.88,485.4,0,0,1,0,0,1
357,2016-05-26 22:08:00,2016-05-27 06:19:00,0.89,486.59999999999997,0,0,1,0,0,1
358,2016-05-28 00:19:00,2016-05-28 07:15:00,0.72,393.59999999999997,0,0,1,0,0,1
359,2016-05-29 22:04:00,2016-05-30 06:40:00,1.0,501.59999999999997,0,0,1,0,0,0
360,2016-05-30 22:07:00,2016-05-31 06:08:00,0.72,480.0,0,1,1,0,0,0
361,2016-05-31 23:02:00,2016-06-01 06:31:00,0.7,436.8,0,0,1,0,0,1
362,2016-06-01 23:01:00,2016-06-02 05:48:00,0.67,387.6,0,0,1,0,0,1
363,2016-06-02 22:51:00,2016-06-03 05:31:00,0.65,383.4,0,0,1,0,0,1
364,2016-06-05 22:33:00,2016-06-06 05:51:00,0.71,430.79999999999995,0,0,0,0,0,1
365,2016-06-06 23:26:00,2016-06-07 05:31:00,0.7,363.0,0,0,1,0,0,1
366,2016-06-07 22:32:00,2016-06-08 05:32:00,0.77,395.4,0,0,1,0,0,1
367,2016-06-08 21:56:00,2016-06-09 06:16:00,0.76,491.99999999999994,0,0,1,0,0,1
368,2016-06-09 22:07:00,2016-06-10 06:35:00,0.87,496.2,0,0,1,0,1,1
369,2016-06-11 22:42:00,2016-06-12 08:41:00,0.93,574.8,0,0,0,1,0,0
370,2016-06-12 22:52:00,2016-06-13 06:32:00,0.77,443.4,0,0,0,1,0,0
371,2016-06-13 22:03:00,2016-06-14 06:26:00,0.82,493.20000000000005,0,0,0,1,0,1
372,2016-06-14 22:32:00,2016-06-15 06:30:00,0.68,454.8,0,0,1,1,0,0
373,2016-06-16 00:46:00,2016-06-16 06:25:00,0.64,322.8,0,0,1,1,0,1
374,2016-06-16 22:06:00,2016-06-17 06:01:00,0.83,452.4,0,0,1,1,0,1
375,2016-06-17 23:28:00,2016-06-18 07:23:00,0.79,452.4,0,0,1,1,0,1
376,2016-06-19 23:00:00,2016-06-20 06:00:00,0.74,395.4,0,0,1,0,0,0
377,2016-06-20 22:34:00,2016-06-21 05:50:00,0.83,429.0,0,0,1,0,0,1
378,2016-06-21 22:11:00,2016-06-22 05:40:00,0.83,437.4,0,0,1,0,0,1
379,2016-06-22 22:41:00,2016-06-23 06:22:00,0.82,444.6,0,0,1,0,0,1
380,2016-06-23 22:32:00,2016-06-24 06:32:00,0.86,480.0,0,0,1,0,0,1
381,2016-06-26 22:16:00,2016-06-27 06:30:00,0.64,488.40000000000003,0,0,1,0,0,0
382,2016-06-27 23:48:00,2016-06-28 06:47:00,0.62,394.8,0,1,1,0,0,1
383,2016-06-28 23:10:00,2016-06-29 06:35:00,0.77,435.0,0,0,1,0,0,1
384,2016-06-29 22:32:00,2016-06-30 05:55:00,0.83,433.8,0,1,1,0,0,1
385,2016-07-01 23:32:00,2016-07-02 07:32:00,0.9,480.0,0,0,1,0,0,0
386,2016-07-03 21:49:00,2016-07-04 06:02:00,0.86,487.19999999999993,0,0,0,0,0,0
387,2016-07-04 21:39:00,2016-07-05 05:50:00,0.85,486.59999999999997,0,0,1,0,0,1
388,2016-07-05 22:48:00,2016-07-06 06:05:00,0.75,429.6,0,1,1,0,0,1
389,2016-07-06 22:13:00,2016-07-07 06:15:00,0.92,481.2,0,0,1,0,0,1
390,2016-07-07 22:53:00,2016-07-08 07:05:00,0.96,487.19999999999993,0,0,1,0,0,1
391,2016-07-10 22:18:00,2016-07-11 06:17:00,0.85,455.4,0,0,1,0,0,0
392,2016-07-11 21:24:00,2016-07-12 06:15:00,0.99,510.0,0,0,1,0,0,1
393,2016-07-12 22:02:00,2016-07-13 06:15:00,0.96,487.80000000000007,0,0,1,0,0,1
394,2016-07-13 23:13:00,2016-07-14 06:15:00,0.78,421.2,0,0,1,0,0,1
395,2016-07-14 22:39:00,2016-07-15 06:15:00,0.84,441.0,0,1,1,0,0,1
396,2016-07-16 00:32:00,2016-07-16 08:19:00,0.87,448.2,0,0,1,0,0,1
397,2016-07-16 23:20:00,2016-07-17 07:31:00,0.98,486.0,0,0,1,0,0,1
398,2016-07-17 22:23:00,2016-07-18 06:00:00,0.76,442.2,0,0,1,0,0,1
399,2016-07-18 22:57:00,2016-07-19 06:05:00,0.77,424.8,0,1,1,0,0,1
400,2016-07-19 22:36:00,2016-07-20 05:50:00,0.77,428.4,0,0,1,0,0,1
401,2016-07-20 22:25:00,2016-07-21 05:56:00,0.82,438.0,0,0,1,0,0,1
402,2016-07-21 23:07:00,2016-07-22 07:00:00,0.87,451.2,0,0,1,0,0,1
403,2016-07-22 22:20:00,2016-07-23 07:56:00,0.99,561.0,0,0,1,0,0,0
404,2016-07-23 23:47:00,2016-07-24 07:56:00,0.74,485.4,0,0,1,0,0,0
405,2016-07-24 22:45:00,2016-07-25 06:14:00,0.81,436.8,0,0,1,0,0,1
406,2016-07-25 21:54:00,2016-07-26 06:02:00,0.86,484.20000000000005,0,0,1,0,0,1
407,2016-07-26 23:03:00,2016-07-27 06:11:00,0.84,424.20000000000005,0,0,1,0,0,1
408,2016-07-27 22:49:00,2016-07-28 07:11:00,0.95,492.6,0,1,1,0,0,1
409,2016-07-28 22:25:00,2016-07-29 03:35:00,0.35,306.0,0,0,1,0,0,0
410,2016-08-16 22:05:00,2016-08-17 05:50:00,0.96,446.40000000000003,0,1,1,1,0,0
411,2016-08-17 22:42:00,2016-08-18 06:15:00,0.78,439.8,7200,0,1,0,1,1
412,2016-08-18 21:58:00,2016-08-19 06:23:00,0.36,494.40000000000003,3444,0,1,0,0,1
413,2016-08-20 22:04:00,2016-08-21 08:33:00,0.56,616.8,7901,0,1,0,0,0
414,2016-08-21 22:08:00,2016-08-22 06:20:00,0.52,486.59999999999997,3786,0,1,1,0,0
415,2016-08-22 22:13:00,2016-08-23 06:22:00,0.35,485.4,2668,0,1,0,0,1
416,2016-08-23 23:08:00,2016-08-24 06:38:00,0.51,438.0,4213,0,1,0,0,1
417,2016-08-24 21:51:00,2016-08-25 06:10:00,0.54,491.4,2210,0,1,0,0,1
418,2016-08-25 22:06:00,2016-08-26 06:19:00,0.55,487.80000000000007,3040,0,1,0,0,1
419,2016-08-26 23:49:00,2016-08-27 07:26:00,0.46,442.2,3887,0,1,0,0,1
420,2016-08-27 23:52:00,2016-08-28 08:25:00,0.48,499.8,5631,0,1,0,0,0
421,2016-08-28 22:52:00,2016-08-29 06:40:00,0.36,448.8,10059,0,1,0,0,0
422,2016-08-29 22:10:00,2016-08-30 06:20:00,0.4,485.4,3698,0,1,0,0,1
423,2016-08-30 22:21:00,2016-08-31 06:20:00,0.49,455.4,4399,0,1,0,0,1
424,2016-08-31 22:33:00,2016-09-01 06:20:00,0.49,448.2,4015,0,1,0,0,1
425,2016-09-01 23:08:00,2016-09-02 05:58:00,0.54,390.0,4374,0,1,0,0,1
426,2016-09-02 22:38:00,2016-09-03 07:47:00,0.67,545.4,5038,0,1,0,0,0
427,2016-09-04 23:28:00,2016-09-05 08:00:00,0.61,499.20000000000005,827,0,1,0,0,0
428,2016-09-05 21:00:00,2016-09-06 06:20:00,0.41,552.0,2542,0,0,1,0,1
429,2016-09-06 22:11:00,2016-09-07 06:22:00,0.7,486.0,7370,0,0,1,0,1
430,2016-09-07 22:31:00,2016-09-08 06:21:00,0.69,450.0,5658,0,0,1,0,1
431,2016-09-08 22:28:00,2016-09-09 06:10:00,0.61,444.6,7107,0,0,1,0,1
432,2016-09-10 00:45:00,2016-09-10 07:06:00,0.58,372.6,7048,0,1,0,0,1
433,2016-09-10 22:44:00,2016-09-11 06:01:00,0.33,430.2,6925,0,0,1,0,0
434,2016-09-11 23:05:00,2016-09-12 06:20:00,0.6,428.4,1130,0,1,0,0,0
435,2016-09-12 22:46:00,2016-09-13 06:20:00,0.67,440.4,7025,0,0,1,0,1
436,2016-09-13 21:55:00,2016-09-14 06:07:00,0.59,487.19999999999993,5955,0,0,1,0,1
437,2016-09-14 22:26:00,2016-09-15 06:20:00,0.65,451.8,9243,0,0,1,0,1
438,2016-09-17 22:26:00,2016-09-18 08:22:00,0.7,573.6,908,0,1,0,0,0
439,2016-09-18 22:28:00,2016-09-19 06:24:00,0.57,453.0,2191,0,1,0,0,1
440,2016-09-19 22:14:00,2016-09-20 06:22:00,0.6,484.20000000000005,11650,0,0,1,0,1
441,2016-09-20 22:39:00,2016-09-21 06:15:00,0.57,441.6,10842,0,0,1,0,1
442,2016-09-21 22:11:00,2016-09-22 06:11:00,0.6,455.4,5765,0,0,1,0,0
443,2016-09-22 22:26:00,2016-09-23 06:55:00,0.7,497.4,8047,0,0,1,0,1
444,2016-09-25 22:53:00,2016-09-26 06:24:00,0.58,438.59999999999997,359,0,1,1,0,1
445,2016-09-26 22:17:00,2016-09-27 06:20:00,0.55,481.79999999999995,8733,1,0,1,0,1
446,2016-09-27 22:22:00,2016-09-28 06:06:00,0.55,446.40000000000003,6963,0,0,1,0,1
447,2016-09-28 23:10:00,2016-09-29 06:20:00,0.6,425.4,10392,0,1,1,0,1
448,2016-09-29 22:50:00,2016-09-30 06:20:00,0.53,437.4,7230,0,1,0,0,1
449,2016-10-01 00:06:00,2016-10-01 08:27:00,0.67,491.99999999999994,7255,0,1,1,0,1
450,2016-10-01 23:23:00,2016-10-02 07:50:00,0.55,495.59999999999997,4555,0,1,0,0,0
451,2016-10-02 23:29:00,2016-10-03 06:25:00,0.54,393.59999999999997,8954,0,1,1,0,0
452,2016-10-03 22:24:00,2016-10-04 06:03:00,0.62,442.8,9726,0,1,1,0,1
453,2016-10-04 21:53:00,2016-10-05 06:21:00,0.66,496.79999999999995,8587,0,0,1,0,1
454,2016-10-05 22:33:00,2016-10-06 06:21:00,0.54,448.8,8612,0,0,1,0,1
455,2016-10-07 00:07:00,2016-10-07 06:40:00,0.52,379.8,8737,0,0,1,0,1
456,2016-10-07 23:18:00,2016-10-08 07:20:00,0.71,481.2,10375,0,1,1,0,1
457,2016-10-10 22:38:00,2016-10-11 06:28:00,0.59,449.40000000000003,21870,0,1,1,0,1
458,2016-10-11 22:28:00,2016-10-12 06:14:00,0.56,447.0,10106,0,0,1,0,1
459,2016-10-12 22:48:00,2016-10-13 06:05:00,0.65,429.6,9308,0,1,0,0,1
460,2016-10-13 22:26:00,2016-10-14 06:30:00,0.61,482.4,8406,0,1,0,0,1
461,2016-10-15 23:00:00,2016-10-16 07:31:00,0.71,498.00000000000006,779,0,1,0,0,0
462,2016-10-16 22:52:00,2016-10-17 06:20:00,0.5,436.2,3932,0,1,1,0,0
463,2016-10-17 22:53:00,2016-10-18 06:27:00,0.63,440.4,10266,0,1,1,0,1
464,2016-10-18 22:34:00,2016-10-19 06:10:00,0.67,441.0,10540,1,1,0,0,1
465,2016-10-19 22:13:00,2016-10-20 05:49:00,0.64,441.0,8164,0,1,0,0,1
466,2016-10-20 22:14:00,2016-10-21 06:33:00,0.67,491.4,7271,0,1,1,0,1
467,2016-10-22 01:38:00,2016-10-22 07:18:00,0.54,323.4,6044,0,1,1,0,0
468,2016-10-23 00:07:00,2016-10-23 08:47:00,0.81,504.0,7682,0,1,0,0,0
469,2016-10-23 22:21:00,2016-10-24 06:23:00,0.66,480.59999999999997,6719,0,1,1,0,0
470,2016-10-24 23:04:00,2016-10-25 06:25:00,0.65,432.6,8273,0,1,1,0,1
471,2016-10-25 22:48:00,2016-10-26 06:35:00,0.69,447.6,6366,0,0,1,0,1
472,2016-10-26 22:55:00,2016-10-27 06:26:00,0.72,438.0,9368,0,1,1,0,1
473,2016-10-27 23:03:00,2016-10-28 06:35:00,0.63,439.20000000000005,7967,0,1,1,0,1
474,2016-10-29 00:16:00,2016-10-29 07:51:00,0.66,440.4,8641,0,1,1,0,0
475,2016-10-30 22:46:00,2016-10-31 06:10:00,0.68,433.8,1283,0,1,0,0,1
476,2016-11-01 22:19:00,2016-11-02 05:57:00,0.68,442.2,4542,1,0,1,0,1
477,2016-11-02 22:52:00,2016-11-03 06:30:00,0.72,442.8,2870,1,1,1,0,0
478,2016-11-04 00:13:00,2016-11-04 06:15:00,0.52,360.59999999999997,10506,1,1,1,0,0
479,2016-11-04 22:49:00,2016-11-05 07:58:00,0.8,544.8,6716,1,1,0,0,0
480,2016-11-06 21:58:00,2016-11-07 05:47:00,0.65,449.40000000000003,6623,0,1,0,0,0
481,2016-11-07 22:16:00,2016-11-08 05:51:00,0.7,441.0,6608,0,0,1,0,1
482,2016-11-08 22:51:00,2016-11-09 05:48:00,0.62,393.59999999999997,7119,0,1,1,0,1
483,2016-11-09 22:37:00,2016-11-10 05:55:00,0.65,430.2,8981,0,1,1,0,1
484,2016-11-10 23:58:00,2016-11-11 07:19:00,0.56,432.0,7385,0,1,1,0,1
485,2016-11-11 23:25:00,2016-11-12 07:16:00,0.74,450.59999999999997,737,0,1,1,0,0
486,2016-11-15 22:14:00,2016-11-16 07:35:00,0.72,552.0,5274,0,0,1,0,0
487,2016-11-16 23:10:00,2016-11-17 07:07:00,0.7,453.59999999999997,2670,0,1,0,0,0
488,2016-11-17 23:15:00,2016-11-18 06:59:00,0.73,446.40000000000003,5825,0,0,1,0,0
489,2016-11-18 23:37:00,2016-11-19 07:13:00,0.7,441.6,5971,0,1,1,0,0
490,2016-11-19 23:47:00,2016-11-20 07:53:00,0.81,483.00000000000006,1540,0,0,1,0,0
491,2016-11-20 23:00:00,2016-11-21 07:02:00,0.8,480.59999999999997,847,0,1,1,0,0
492,2016-11-21 22:38:00,2016-11-22 05:40:00,0.68,420.59999999999997,6149,0,1,1,0,0
493,2016-11-22 21:26:00,2016-11-23 05:40:00,0.8,487.80000000000007,10585,0,0,1,0,1
494,2016-11-23 22:44:00,2016-11-24 06:10:00,0.73,435.0,10248,0,1,1,0,1
495,2016-11-24 22:00:00,2016-11-25 06:39:00,0.88,503.40000000000003,6536,0,0,1,0,1
496,2016-11-25 23:09:00,2016-11-26 07:40:00,0.89,498.00000000000006,5628,0,1,1,0,0
497,2016-11-27 22:01:00,2016-11-28 06:18:00,0.75,489.6,595,0,0,1,0,0
498,2016-11-28 22:35:00,2016-11-29 06:26:00,0.83,450.0,7499,0,0,1,0,1
499,2016-11-29 23:33:00,2016-11-30 06:31:00,0.71,394.20000000000005,3196,0,0,1,0,0
500,2016-11-30 21:12:00,2016-12-01 05:13:00,0.89,480.59999999999997,3763,0,1,1,0,0
501,2016-12-01 05:14:00,2016-12-01 06:38:00,0.17,74.4,3763,0,0,0,0,0
502,2016-12-01 21:40:00,2016-12-02 05:11:00,0.71,438.59999999999997,4904,0,0,1,0,0
503,2016-12-04 01:18:00,2016-12-04 09:20:00,0.89,481.2,3158,0,1,1,0,0
504,2016-12-04 21:45:00,2016-12-05 05:45:00,0.78,480.0,4514,0,0,1,0,0
505,2016-12-05 21:44:00,2016-12-06 05:40:00,0.79,453.0,7137,0,0,1,0,1
506,2016-12-06 22:13:00,2016-12-07 05:46:00,0.72,439.20000000000005,7709,0,0,1,0,1
507,2016-12-07 22:46:00,2016-12-08 06:19:00,0.82,439.20000000000005,10521,0,1,1,0,1
508,2016-12-08 23:32:00,2016-12-09 06:47:00,0.69,429.0,9338,0,1,1,0,1
509,2016-12-09 22:48:00,2016-12-10 08:11:00,0.79,553.8000000000001,4629,0,0,1,0,0
510,2016-12-11 01:07:00,2016-12-11 08:27:00,0.82,431.40000000000003,5776,0,1,0,0,1
511,2016-12-11 22:14:00,2016-12-12 06:16:00,0.85,480.59999999999997,168,0,0,1,0,0
512,2016-12-12 22:56:00,2016-12-13 06:35:00,0.81,442.8,6964,0,1,1,0,0
513,2016-12-13 22:02:00,2016-12-14 06:05:00,0.83,481.2,3448,0,1,1,0,1
514,2016-12-14 21:57:00,2016-12-15 06:18:00,0.74,491.99999999999994,4114,0,0,1,0,0
515,2016-12-15 21:29:00,2016-12-16 05:00:00,0.75,438.59999999999997,7112,0,0,1,0,0
516,2016-12-18 22:35:00,2016-12-19 05:47:00,0.78,426.6,3391,0,1,1,0,0
517,2016-12-19 21:49:00,2016-12-20 06:35:00,0.96,507.6,2335,0,0,1,0,0
518,2016-12-20 23:48:00,2016-12-21 07:09:00,0.84,432.0,7293,0,0,1,0,0
519,2016-12-21 23:56:00,2016-12-22 07:30:00,0.86,439.8,8488,0,1,1,0,0
520,2016-12-22 23:07:00,2016-12-23 07:07:00,0.74,480.0,5701,1,1,1,0,0
521,2016-12-27 23:17:00,2016-12-28 07:22:00,0.69,483.00000000000006,4509,0,1,1,0,0
522,2016-12-30 23:25:00,2016-12-31 08:26:00,0.92,540.0,3868,0,1,1,0,0
523,2017-01-02 22:35:00,2017-01-03 05:10:00,0.73,380.4,5216,0,1,1,0,0
524,2017-01-03 05:11:00,2017-01-03 06:30:00,0.17,71.39999999999999,5216,0,0,0,0,0
525,2017-01-03 21:47:00,2017-01-04 05:57:00,0.87,485.4,3669,0,0,1,0,0
526,2017-01-04 22:40:00,2017-01-05 06:10:00,0.87,437.4,10856,0,1,1,0,1
527,2017-01-05 22:39:00,2017-01-06 06:42:00,0.93,481.2,7787,0,0,1,0,1
528,2017-01-06 23:14:00,2017-01-07 08:43:00,0.9,557.4,10344,0,1,1,0,0
529,2017-01-08 00:34:00,2017-01-08 07:56:00,0.79,433.2,3094,0,0,1,0,0
530,2017-01-08 22:07:00,2017-01-09 06:23:00,0.84,489.6,202,0,0,1,0,0
531,2017-01-09 22:42:00,2017-01-10 06:40:00,0.65,454.20000000000005,7122,0,1,1,0,0
532,2017-01-10 22:20:00,2017-01-11 06:14:00,0.84,452.4,1734,0,1,1,0,0
533,2017-01-11 22:14:00,2017-01-12 05:22:00,0.73,424.20000000000005,2562,0,1,1,0,0
534,2017-01-12 22:13:00,2017-01-13 05:31:00,0.64,430.2,8076,0,1,1,1,0
535,2017-01-13 23:27:00,2017-01-14 07:22:00,0.89,452.4,12802,0,0,1,0,1
536,2017-01-15 23:25:00,2017-01-16 06:58:00,0.74,439.20000000000005,12258,0,1,1,0,1
537,2017-01-16 21:58:00,2017-01-17 05:11:00,0.71,427.2,4540,0,0,1,0,0
538,2017-01-17 05:12:00,2017-01-17 07:20:00,0.24,124.80000000000001,4540,0,0,0,0,0
539,2017-01-17 22:23:00,2017-01-18 05:01:00,0.57,382.2,173,0,0,1,0,0
540,2017-01-18 22:22:00,2017-01-19 06:31:00,0.76,485.4,6368,0,0,1,0,0
541,2017-01-19 22:14:00,2017-01-20 06:30:00,0.92,489.0,1740,0,1,1,0,0
542,2017-01-20 23:07:00,2017-01-21 07:45:00,0.78,502.80000000000007,5056,0,0,1,0,0
543,2017-01-21 23:12:00,2017-01-22 07:42:00,0.96,497.4,4223,0,0,1,0,0
544,2017-01-22 22:03:00,2017-01-23 06:25:00,0.64,493.20000000000005,4336,0,0,1,0,0
545,2017-01-23 22:34:00,2017-01-24 06:09:00,0.89,441.0,4772,0,1,1,0,0
546,2017-01-24 22:55:00,2017-01-25 06:13:00,0.84,430.2,3492,0,1,1,0,0
547,2017-01-25 20:54:00,2017-01-26 05:09:00,0.85,489.0,6010,0,0,1,0,1
548,2017-01-26 22:12:00,2017-01-27 04:58:00,0.54,387.0,4200,0,1,1,0,1
549,2017-01-27 04:58:00,2017-01-27 06:40:00,0.21,85.19999999999999,4200,0,0,0,0,0
550,2017-01-27 23:22:00,2017-01-28 07:25:00,0.91,481.2,4573,0,1,1,0,0
551,2017-01-30 23:27:00,2017-01-31 06:01:00,0.63,380.4,3228,0,1,0,0,0
552,2017-01-31 22:44:00,2017-02-01 06:20:00,0.78,441.6,5379,0,1,1,0,1
553,2017-02-01 22:41:00,2017-02-02 06:10:00,0.74,437.4,7521,0,1,1,0,1
554,2017-02-02 22:19:00,2017-02-03 06:31:00,0.85,486.59999999999997,2309,0,1,1,0,0
555,2017-02-03 23:58:00,2017-02-04 07:08:00,0.8,425.4,2983,0,1,1,0,0
556,2017-02-04 23:45:00,2017-02-05 07:20:00,0.68,441.0,6833,0,1,1,0,0
557,2017-02-05 22:53:00,2017-02-06 06:30:00,0.75,441.6,7665,0,1,1,0,0
558,2017-02-06 22:30:00,2017-02-07 06:20:00,0.71,450.0,7552,0,1,1,1,1
559,2017-02-07 23:34:00,2017-02-08 06:30:00,0.71,393.0,5339,0,1,1,0,0
560,2017-02-08 23:46:00,2017-02-09 06:27:00,0.68,384.0,4076,0,1,1,0,0
561,2017-02-09 22:31:00,2017-02-10 05:00:00,0.62,376.8,12892,1,1,1,0,1
562,2017-02-10 05:00:00,2017-02-10 06:36:00,0.21,81.60000000000001,12892,0,0,0,0,0
563,2017-02-10 22:37:00,2017-02-11 07:07:00,1.0,498.00000000000006,3417,0,0,1,0,0
564,2017-02-12 21:49:00,2017-02-13 07:06:00,0.63,549.6,2756,0,1,1,0,0
565,2017-02-13 21:51:00,2017-02-14 05:02:00,0.74,426.0,6003,0,1,1,0,0
566,2017-02-14 05:02:00,2017-02-14 06:36:00,0.12,79.80000000000001,6003,0,0,0,0,0
567,2017-02-14 23:17:00,2017-02-15 06:13:00,0.59,393.0,3588,0,1,1,0,0
568,2017-02-15 22:36:00,2017-02-16 06:25:00,0.44,448.8,5558,0,1,1,0,0
569,2017-02-16 22:33:00,2017-02-17 06:31:00,0.83,454.8,3301,0,1,1,0,0
570,2017-02-17 23:49:00,2017-02-18 08:09:00,0.93,491.99999999999994,3027,0,1,1,0,0
571,2017-02-19 00:28:00,2017-02-19 08:16:00,0.79,448.8,3361,0,0,1,0,0
572,2017-02-19 22:12:00,2017-02-20 06:16:00,0.66,482.4,460,0,1,1,0,0
573,2017-02-20 22:43:00,2017-02-21 06:27:00,0.76,445.79999999999995,7419,0,0,1,0,0
574,2017-02-21 23:14:00,2017-02-22 06:26:00,0.72,426.6,5499,0,1,1,0,0
575,2017-02-22 21:30:00,2017-02-23 05:02:00,0.83,438.59999999999997,4258,0,0,1,0,0
576,2017-02-23 22:15:00,2017-02-24 05:34:00,0.81,431.40000000000003,5862,0,1,1,0,0
577,2017-02-24 05:34:00,2017-02-24 06:30:00,0.12,33.0,5862,0,0,0,0,0
578,2017-02-25 02:46:00,2017-02-25 09:52:00,0.8,423.59999999999997,6388,0,1,1,1,1
579,2017-02-26 00:40:00,2017-02-26 07:47:00,0.77,424.20000000000005,4275,0,0,1,0,0
580,2017-02-27 22:16:00,2017-02-28 05:50:00,0.81,440.4,2499,0,1,0,0,0
581,2017-02-28 21:39:00,2017-03-01 05:40:00,0.87,480.59999999999997,7351,0,1,1,0,1
582,2017-03-01 05:43:00,2017-03-01 06:40:00,0.12,34.199999999999996,7351,0,0,0,0,0
583,2017-03-01 22:23:00,2017-03-02 06:30:00,0.85,484.20000000000005,6109,0,1,1,0,0
584,2017-03-02 22:22:00,2017-03-03 06:18:00,0.81,453.0,6388,0,1,1,0,1
585,2017-03-05 00:12:00,2017-03-05 08:28:00,0.96,489.6,6785,0,1,1,0,0
586,2017-03-05 22:01:00,2017-03-06 06:08:00,0.93,484.20000000000005,171,0,1,1,0,0
587,2017-03-06 22:01:00,2017-03-07 06:22:00,0.97,492.6,4670,0,1,1,0,0
588,2017-03-07 22:13:00,2017-03-08 06:15:00,0.9,480.59999999999997,7000,0,1,1,0,1
589,2017-03-08 21:13:00,2017-03-09 06:18:00,0.85,543.0,3744,0,1,1,0,0
590,2017-03-09 21:48:00,2017-03-10 05:01:00,0.71,427.8,7028,0,1,1,0,1
591,2017-03-10 22:42:00,2017-03-11 06:57:00,0.86,488.40000000000003,2679,0,1,1,0,0
592,2017-03-12 22:39:00,2017-03-13 06:33:00,0.8,451.8,1572,0,1,1,0,0
593,2017-03-13 21:20:00,2017-03-14 05:02:00,0.81,445.2,6212,0,0,1,0,1
594,2017-03-14 21:06:00,2017-03-15 05:23:00,0.89,490.2,5933,0,0,1,0,1
595,2017-03-15 22:33:00,2017-03-16 06:17:00,0.71,446.40000000000003,9185,0,1,1,0,1
596,2017-03-16 22:33:00,2017-03-17 06:37:00,0.95,482.4,7887,0,1,1,0,1
597,2017-03-17 22:55:00,2017-03-18 08:02:00,0.99,544.2,10528,0,1,1,0,0
598,2017-03-18 22:26:00,2017-03-19 07:21:00,0.89,512.4,302,0,0,1,0,0
599,2017-03-20 00:02:00,2017-03-20 07:20:00,0.79,430.79999999999995,2750,0,1,1,0,0
600,2017-03-20 23:35:00,2017-03-21 07:16:00,0.88,444.6,3695,0,1,1,0,0
601,2017-03-21 23:20:00,2017-03-22 06:21:00,0.79,420.59999999999997,1913,0,1,1,0,0
602,2017-03-22 22:02:00,2017-03-23 05:15:00,0.72,427.2,7155,0,0,1,0,1
603,2017-03-23 22:20:00,2017-03-24 05:41:00,0.76,432.6,7810,0,1,1,0,1
604,2017-03-25 23:19:00,2017-03-26 07:16:00,1.0,453.59999999999997,3549,0,1,1,0,0
605,2017-03-26 22:03:00,2017-03-27 05:33:00,0.83,437.4,3554,0,1,1,0,1
606,2017-03-27 21:19:00,2017-03-28 05:42:00,0.78,493.20000000000005,7562,0,0,1,0,1
607,2017-03-28 22:29:00,2017-03-29 05:41:00,0.78,426.6,7823,0,1,1,0,1
608,2017-03-29 22:29:00,2017-03-30 06:04:00,0.79,440.4,7708,0,1,1,0,1
609,2017-03-30 22:42:00,2017-03-31 07:33:00,0.93,510.59999999999997,8615,0,1,1,0,1
610,2017-04-01 02:10:00,2017-04-01 08:37:00,0.8,376.2,9461,0,1,1,0,0
611,2017-04-01 21:22:00,2017-04-02 07:16:00,0.95,572.4,4595,0,0,1,0,0
612,2017-04-02 22:01:00,2017-04-03 06:20:00,0.9,491.4,2835,0,1,1,0,1
613,2017-04-03 21:58:00,2017-04-04 06:01:00,0.92,481.79999999999995,1898,0,0,1,0,0
614,2017-04-04 22:01:00,2017-04-05 06:11:00,0.81,485.4,8396,0,0,1,0,1
615,2017-04-05 23:45:00,2017-04-06 06:20:00,0.73,381.0,7948,0,1,1,0,1
616,2017-04-06 23:12:00,2017-04-07 06:20:00,0.68,424.20000000000005,14408,0,1,1,0,1
617,2017-04-08 00:00:00,2017-04-08 07:30:00,0.75,437.4,8646,0,1,1,0,1
618,2017-04-10 00:52:00,2017-04-10 06:32:00,0.65,324.0,771,0,1,0,0,0
619,2017-04-10 22:21:00,2017-04-11 05:41:00,0.7,431.40000000000003,11355,0,0,1,0,1
620,2017-04-11 06:03:00,2017-04-11 06:31:00,0.06,16.200000000000003,0,0,0,0,0,0
621,2017-04-11 22:39:00,2017-04-12 05:55:00,0.67,429.6,4153,0,0,0,0,0
622,2017-04-12 21:42:00,2017-04-13 06:54:00,0.74,546.5999999999999,1318,0,0,1,0,0
623,2017-04-13 23:52:00,2017-04-14 08:05:00,0.83,487.19999999999993,889,0,1,1,0,0
624,2017-04-14 21:45:00,2017-04-15 07:52:00,0.88,604.2,4787,0,0,1,0,0
625,2017-04-15 23:23:00,2017-04-16 07:05:00,0.73,445.2,4581,0,0,1,0,0
626,2017-04-17 00:06:00,2017-04-17 07:51:00,0.83,446.40000000000003,1510,0,1,1,0,0
627,2017-04-17 22:12:00,2017-04-18 05:54:00,0.66,444.6,780,0,1,1,0,0
628,2017-04-18 22:43:00,2017-04-19 06:20:00,0.59,441.6,6284,0,1,1,0,1
629,2017-04-19 21:39:00,2017-04-20 05:30:00,0.75,450.59999999999997,8213,0,0,0,0,0
630,2017-04-20 22:15:00,2017-04-21 05:41:00,0.75,435.59999999999997,7905,0,1,1,0,1
631,2017-04-21 22:36:00,2017-04-22 07:46:00,0.83,545.4,8072,0,1,1,0,1
632,2017-04-23 00:53:00,2017-04-23 08:38:00,0.86,446.40000000000003,2666,0,1,1,0,0
633,2017-04-23 22:31:00,2017-04-24 06:31:00,0.75,455.4,3042,0,1,0,0,0
634,2017-04-24 23:07:00,2017-04-25 06:34:00,0.72,436.2,10319,0,1,1,0,1
635,2017-04-25 22:20:00,2017-04-26 06:20:00,0.85,480.0,8358,0,1,1,0,1
636,2017-04-26 22:25:00,2017-04-27 06:32:00,0.68,483.6,7337,0,1,1,0,1
637,2017-04-27 22:48:00,2017-04-28 06:40:00,0.64,450.59999999999997,6551,0,1,1,0,1
638,2017-04-28 23:39:00,2017-04-29 08:17:00,0.9,502.19999999999993,3357,1,1,1,0,0
639,2017-04-29 23:39:00,2017-04-30 07:23:00,0.74,445.79999999999995,2668,0,1,1,0,0
640,2017-04-30 22:28:00,2017-05-01 06:16:00,0.72,448.2,7491,0,1,1,0,1
641,2017-05-01 22:00:00,2017-05-02 06:17:00,0.74,489.6,11475,0,1,1,0,1
642,2017-05-02 21:47:00,2017-05-03 06:04:00,0.77,489.6,4810,0,1,1,0,1
643,2017-05-03 22:59:00,2017-05-04 06:20:00,0.59,432.6,6932,0,1,1,0,1
644,2017-05-04 22:37:00,2017-05-05 06:10:00,0.73,439.20000000000005,5954,0,1,1,0,1
645,2017-05-06 00:25:00,2017-05-06 07:45:00,0.83,432.0,11070,0,1,1,0,1
646,2017-05-07 21:51:00,2017-05-08 06:10:00,0.81,490.79999999999995,4310,0,1,0,0,0
647,2017-05-08 22:28:00,2017-05-09 06:11:00,0.66,445.79999999999995,8598,0,1,1,0,1
648,2017-05-09 23:33:00,2017-05-10 06:03:00,0.64,377.4,6073,0,1,1,0,1
649,2017-05-10 06:04:00,2017-05-10 07:45:00,0.18,84.0,0,0,0,0,0,0
650,2017-05-10 22:43:00,2017-05-11 06:16:00,0.82,439.20000000000005,2854,0,1,1,0,0
651,2017-05-11 21:52:00,2017-05-12 06:40:00,0.95,508.20000000000005,4280,0,1,1,0,1
652,2017-05-13 00:42:00,2017-05-13 07:41:00,0.73,395.4,4068,0,1,1,0,1
653,2017-05-14 00:04:00,2017-05-14 08:11:00,0.73,483.6,3298,0,0,1,0,0
654,2017-05-14 21:57:00,2017-05-15 06:20:00,0.77,493.20000000000005,3958,0,1,1,0,0
655,2017-05-15 22:55:00,2017-05-16 06:30:00,0.75,440.4,7661,0,1,1,0,1
656,2017-05-16 22:41:00,2017-05-17 06:17:00,0.73,441.6,1865,0,0,1,0,0
657,2017-05-17 22:44:00,2017-05-18 06:40:00,0.9,453.59999999999997,6764,0,1,1,0,1
658,2017-05-18 23:17:00,2017-05-19 06:27:00,0.88,426.0,82,1,1,1,0,1
659,2017-05-20 01:04:00,2017-05-20 08:56:00,0.73,451.2,5606,0,1,1,0,1
660,2017-05-22 22:29:00,2017-05-23 07:35:00,0.9,543.6,8858,0,0,1,0,1
661,2017-05-24 00:14:00,2017-05-24 07:46:00,0.7,439.20000000000005,14276,0,1,0,0,1
662,2017-05-24 22:09:00,2017-05-25 06:37:00,0.82,496.79999999999995,3884,0,0,1,0,1
663,2017-05-25 22:19:00,2017-05-26 06:24:00,0.73,482.4,4565,0,0,1,0,1
664,2017-05-28 00:18:00,2017-05-28 08:01:00,0.81,445.79999999999995,3770,0,1,0,0,1
665,2017-05-28 22:37:00,2017-05-29 06:18:00,0.75,444.6,1450,0,1,0,0,0
666,2017-05-29 22:28:00,2017-05-30 06:11:00,0.88,445.2,7711,1,1,0,0,1
667,2017-05-30 21:59:00,2017-05-31 06:20:00,0.75,492.6,6430,0,1,0,1,1
668,2017-05-31 22:26:00,2017-06-01 05:45:00,0.86,431.40000000000003,6964,0,1,1,0,1
669,2017-06-01 22:59:00,2017-06-02 06:40:00,0.8,444.6,4562,0,1,1,0,1
670,2017-06-02 22:05:00,2017-06-03 06:11:00,0.69,483.00000000000006,1867,0,1,1,0,0
671,2017-06-03 21:56:00,2017-06-04 07:13:00,0.72,549.6,8205,0,1,0,0,1
672,2017-06-04 23:14:00,2017-06-05 06:21:00,0.67,423.59999999999997,6705,0,1,0,0,0
673,2017-06-05 22:30:00,2017-06-06 06:17:00,0.74,448.2,7820,0,1,0,0,1
674,2017-06-06 21:38:00,2017-06-07 05:53:00,0.76,488.40000000000003,5391,1,1,1,0,1
675,2017-06-07 22:54:00,2017-06-08 06:34:00,0.41,444.0,10542,0,1,1,0,1
676,2017-06-08 21:47:00,2017-06-09 06:17:00,0.7,498.00000000000006,255,0,0,1,0,0
677,2017-06-10 00:07:00,2017-06-10 07:55:00,0.67,448.2,10427,0,0,0,0,0
678,2017-06-11 22:18:00,2017-06-12 06:10:00,0.78,451.2,6507,0,0,0,0,0
679,2017-06-12 21:44:00,2017-06-13 06:17:00,0.93,499.20000000000005,10373,0,0,0,0,0
680,2017-06-13 22:18:00,2017-06-14 06:12:00,0.74,452.4,9204,0,0,0,0,0
681,2017-06-14 22:34:00,2017-06-15 06:13:00,0.68,442.8,5027,0,0,0,0,0
682,2017-06-15 22:19:00,2017-06-16 06:07:00,0.76,448.8,7106,0,0,0,0,0
683,2017-06-18 05:01:00,2017-06-18 07:34:00,0.31,139.8,12153,0,0,0,0,0
684,2017-06-18 07:35:00,2017-06-18 08:09:00,0.07,20.400000000000002,804,0,0,0,0,0
685,2017-06-18 22:22:00,2017-06-19 06:02:00,0.66,443.4,5251,0,0,0,0,0
686,2017-06-19 22:57:00,2017-06-20 06:24:00,0.7,435.59999999999997,6672,0,0,0,0,0
687,2017-06-20 22:31:00,2017-06-21 06:15:00,0.77,445.79999999999995,7007,0,0,0,0,0
688,2017-06-21 06:16:00,2017-06-21 07:03:00,0.1,28.2,0,0,0,0,0,0
689,2017-06-21 22:32:00,2017-06-22 06:10:00,0.72,442.2,4898,0,0,0,0,0
690,2017-06-22 23:37:00,2017-06-23 06:38:00,0.59,420.0,7064,0,0,0,0,0
691,2017-06-23 23:26:00,2017-06-24 07:11:00,0.74,446.40000000000003,114,0,0,0,0,0
692,2017-06-25 22:08:00,2017-06-26 06:18:00,0.83,486.0,3403,0,0,0,0,0
693,2017-06-26 21:24:00,2017-06-27 06:15:00,0.9,510.59999999999997,6043,0,0,0,0,0
694,2017-06-27 21:52:00,2017-06-28 06:33:00,0.86,504.6,8946,0,0,0,0,0
695,2017-06-28 21:53:00,2017-06-29 06:21:00,0.69,496.79999999999995,7778,0,0,0,0,0
696,2017-06-29 22:32:00,2017-06-30 06:33:00,0.77,480.0,5510,0,0,0,0,0
697,2017-07-03 00:31:00,2017-07-03 07:44:00,0.81,427.2,17770,0,0,0,0,0
698,2017-07-03 22:37:00,2017-07-04 06:18:00,0.73,444.6,10604,0,0,0,0,0
699,2017-07-04 22:07:00,2017-07-05 05:55:00,0.74,448.8,7474,0,0,0,0,0
700,2017-07-05 21:48:00,2017-07-06 05:43:00,0.66,453.0,6430,0,0,0,0,0
701,2017-07-06 22:33:00,2017-07-07 06:31:00,0.73,454.20000000000005,11076,0,0,0,0,0
702,2017-07-09 22:36:00,2017-07-10 05:59:00,0.7,433.2,12647,0,0,0,0,0
703,2017-07-10 22:25:00,2017-07-11 06:01:00,0.74,441.0,4260,0,0,0,0,0
704,2017-07-11 21:39:00,2017-07-12 06:06:00,0.65,495.59999999999997,5504,0,0,0,0,0
705,2017-07-12 23:12:00,2017-07-13 06:25:00,0.67,427.8,6915,0,0,0,0,0
706,2017-07-13 22:30:00,2017-07-14 06:45:00,0.81,488.40000000000003,3919,0,0,0,0,0
707,2017-07-15 01:10:00,2017-07-15 07:54:00,0.78,385.79999999999995,5342,0,0,0,0,0
708,2017-07-16 02:12:00,2017-07-16 07:53:00,0.69,324.0,3739,0,0,0,0,0
709,2017-07-16 22:08:00,2017-07-17 06:25:00,0.7,490.2,5925,0,0,0,0,0
710,2017-07-17 22:51:00,2017-07-18 06:17:00,0.71,435.59999999999997,4840,0,0,0,0,0
711,2017-07-18 22:00:00,2017-07-19 06:39:00,0.84,503.40000000000003,5157,0,0,0,0,0
712,2017-07-19 21:45:00,2017-07-20 05:55:00,0.87,485.4,4336,0,0,0,0,0
713,2017-07-22 01:06:00,2017-07-22 07:54:00,0.68,388.8,135,0,0,0,0,0
714,2017-07-22 23:13:00,2017-07-23 07:10:00,0.78,454.20000000000005,5579,0,0,0,0,0
715,2017-07-23 21:57:00,2017-07-24 05:49:00,0.84,450.59999999999997,3901,0,0,0,0,0
716,2017-07-25 05:34:00,2017-07-25 05:55:00,0.05,12.6,6485,0,0,0,0,0
717,2017-07-25 22:04:00,2017-07-26 05:48:00,0.87,445.79999999999995,5451,0,0,0,0,0
718,2017-07-26 22:29:00,2017-07-27 06:05:00,0.74,441.0,2899,0,0,0,0,0
719,2017-07-27 21:53:00,2017-07-28 05:50:00,0.51,454.20000000000005,1552,0,0,0,0,0
720,2017-07-28 23:29:00,2017-07-29 06:22:00,0.38,391.8,5221,0,0,0,0,0
721,2017-07-29 22:00:00,2017-07-30 06:50:00,0.72,509.40000000000003,3834,0,0,0,0,0
722,2017-07-30 23:20:00,2017-07-31 06:33:00,0.89,427.2,1018,0,0,0,0,0
723,2017-07-31 22:39:00,2017-08-01 06:19:00,0.82,443.4,1837,0,0,0,0,0
724,2017-08-01 23:15:00,2017-08-02 06:10:00,0.77,392.4,893,0,0,0,0,0
725,2017-08-02 22:32:00,2017-08-03 06:06:00,0.81,439.8,5280,0,0,0,0,0
726,2017-08-03 23:14:00,2017-08-04 06:32:00,0.8,430.79999999999995,3584,0,0,0,0,0
727,2017-08-04 22:59:00,2017-08-05 07:31:00,0.76,498.6,1114,0,0,0,0,0
728,2017-08-05 23:37:00,2017-08-06 07:38:00,0.81,480.0,5152,0,0,0,0,0
729,2017-08-06 23:03:00,2017-08-07 08:12:00,0.99,544.8,3045,0,0,0,0,0
730,2017-08-07 23:14:00,2017-08-08 07:41:00,0.73,495.59999999999997,2429,0,0,0,0,0
731,2017-08-08 22:34:00,2017-08-09 06:05:00,0.81,438.59999999999997,7187,0,0,0,0,0
732,2017-08-09 23:22:00,2017-08-10 05:53:00,0.59,378.0,4488,0,0,0,0,0
733,2017-08-12 22:58:00,2017-08-13 06:40:00,0.79,445.2,5541,0,0,0,0,0
734,2017-08-13 22:46:00,2017-08-14 05:51:00,0.58,422.4,6246,0,0,0,0,0
735,2017-08-14 22:32:00,2017-08-15 05:51:00,0.67,430.79999999999995,7940,0,0,0,0,0
736,2017-08-15 21:56:00,2017-08-16 06:30:00,0.83,500.4,5029,0,0,0,0,0
737,2017-08-16 22:01:00,2017-08-17 05:29:00,0.81,436.2,9185,0,0,0,0,0
738,2017-08-17 20:36:00,2017-08-18 04:53:00,0.35,489.6,7581,0,0,0,0,0
739,2017-08-25 23:37:00,2017-08-26 06:38:00,0.3,420.0,10605,0,0,0,0,0
740,2017-08-27 22:15:00,2017-08-28 07:00:00,0.94,506.4,13476,0,0,0,0,0
741,2017-08-28 22:03:00,2017-08-29 07:20:00,0.82,550.2,3921,0,0,0,0,0
742,2017-08-30 23:01:00,2017-08-31 06:38:00,0.74,442.2,3332,0,0,0,0,0
743,2017-08-31 23:01:00,2017-09-01 07:16:00,0.81,489.0,3001,0,0,0,0,0
744,2017-09-01 22:33:00,2017-09-02 07:38:00,0.89,542.4,7268,0,0,0,0,0
745,2017-09-03 00:46:00,2017-09-03 08:08:00,0.81,432.6,4835,0,0,0,0,0
746,2017-09-03 23:07:00,2017-09-04 07:22:00,0.84,488.40000000000003,3230,0,0,0,0,0
747,2017-09-04 22:49:00,2017-09-05 06:07:00,0.59,430.2,1333,0,0,0,0,0
748,2017-09-05 22:38:00,2017-09-06 06:08:00,0.81,438.0,8922,0,0,0,0,0
749,2017-09-06 22:02:00,2017-09-07 06:02:00,0.79,455.4,5095,0,0,0,0,0
750,2017-09-07 22:26:00,2017-09-08 06:05:00,0.77,443.4,5470,0,0,0,0,0
751,2017-09-09 21:24:00,2017-09-10 06:13:00,0.74,508.8,2257,0,0,0,0,0
752,2017-09-11 22:39:00,2017-09-12 06:06:00,0.56,436.2,12094,0,0,0,0,0
753,2017-09-12 22:03:00,2017-09-13 06:08:00,0.86,482.4,6059,0,0,0,0,0
754,2017-09-13 23:43:00,2017-09-14 06:32:00,0.55,388.8,6075,0,0,0,0,0
755,2017-09-14 22:06:00,2017-09-15 06:05:00,0.79,455.4,4400,0,0,0,0,0
756,2017-09-16 00:18:00,2017-09-16 08:51:00,0.91,499.8,4880,0,0,0,0,0
757,2017-09-17 22:50:00,2017-09-18 06:32:00,0.71,444.6,7213,0,0,0,0,0
758,2017-09-18 22:19:00,2017-09-19 06:04:00,0.69,446.40000000000003,3640,0,0,0,0,0
759,2017-09-19 22:16:00,2017-09-20 06:04:00,0.76,448.2,5184,0,0,0,0,0
760,2017-09-20 22:04:00,2017-09-21 06:06:00,0.65,481.2,4443,0,0,0,0,0
761,2017-09-21 22:23:00,2017-09-22 06:07:00,0.72,446.40000000000003,5242,0,0,0,0,0
762,2017-09-24 21:44:00,2017-09-25 05:57:00,0.8,487.80000000000007,5142,0,0,0,0,0
763,2017-09-25 22:17:00,2017-09-26 06:19:00,0.73,480.59999999999997,5050,0,0,0,0,0
764,2017-09-26 23:01:00,2017-09-27 05:49:00,0.66,388.2,1706,0,0,0,0,0
765,2017-09-27 22:06:00,2017-09-28 06:08:00,0.83,481.2,10076,0,0,0,0,0
766,2017-09-28 23:36:00,2017-09-29 06:41:00,0.75,422.4,5320,0,0,0,0,0
767,2017-09-29 23:14:00,2017-09-30 08:00:00,0.8,507.6,2809,0,0,0,0,0
768,2017-10-01 00:03:00,2017-10-01 07:36:00,0.79,439.8,6235,0,0,0,0,0
769,2017-10-01 21:44:00,2017-10-02 06:05:00,0.69,492.6,2757,0,0,0,0,0
770,2017-10-02 22:55:00,2017-10-03 06:00:00,0.76,423.0,5551,0,0,0,0,0
771,2017-10-03 21:41:00,2017-10-04 06:25:00,0.96,506.4,3729,0,0,0,0,0
772,2017-10-04 22:44:00,2017-10-05 06:05:00,0.75,432.0,7101,0,0,0,0,0
773,2017-10-05 21:24:00,2017-10-06 04:37:00,0.76,427.8,4906,0,0,0,0,0
774,2017-10-06 22:56:00,2017-10-07 07:44:00,0.55,508.20000000000005,4507,0,0,0,0,0
775,2017-10-07 21:57:00,2017-10-08 08:05:00,0.71,604.2,1588,0,0,0,0,0
776,2017-10-09 22:27:00,2017-10-10 06:10:00,0.79,445.2,3951,0,0,0,0,0
777,2017-10-10 22:23:00,2017-10-11 06:00:00,0.8,441.6,5912,0,0,0,0,0
778,2017-10-11 22:32:00,2017-10-12 06:10:00,0.71,442.8,5314,0,0,0,0,0
779,2017-10-12 22:22:00,2017-10-13 06:37:00,0.79,488.40000000000003,3240,0,0,0,0,0
780,2017-10-13 23:03:00,2017-10-14 08:15:00,0.88,546.5999999999999,356,0,0,0,0,0
781,2017-10-14 22:58:00,2017-10-15 07:24:00,0.8,495.0,388,0,0,0,0,0
782,2017-10-15 22:47:00,2017-10-16 05:56:00,0.69,425.4,4287,0,0,0,0,0
783,2017-10-16 21:51:00,2017-10-17 06:01:00,0.74,485.4,7129,0,0,0,0,0
784,2017-10-17 21:41:00,2017-10-18 06:02:00,0.78,492.6,3342,0,0,0,0,0
785,2017-10-19 00:01:00,2017-10-19 06:02:00,0.6,360.0,4074,0,0,0,0,0
786,2017-10-19 21:13:00,2017-10-20 06:14:00,1.0,540.0,907,0,0,0,0,0
787,2017-10-21 00:05:00,2017-10-21 07:57:00,0.89,450.59999999999997,5899,0,0,0,0,0
788,2017-10-22 00:25:00,2017-10-22 07:45:00,0.79,432.0,71,0,0,0,0,0
789,2017-10-22 21:50:00,2017-10-23 06:00:00,0.82,486.0,5210,0,0,0,0,0
790,2017-10-23 22:18:00,2017-10-24 06:01:00,0.65,445.2,6636,0,0,0,0,0
791,2017-10-24 22:15:00,2017-10-25 06:06:00,0.83,450.59999999999997,5355,0,0,0,0,0
792,2017-10-25 21:55:00,2017-10-26 06:00:00,0.65,483.00000000000006,4119,0,0,0,0,0
793,2017-10-27 01:50:00,2017-10-27 06:51:00,0.59,300.59999999999997,5364,0,0,0,0,0
794,2017-10-28 22:51:00,2017-10-29 07:51:00,0.91,540.0,1097,0,0,0,0,0
795,2017-10-29 22:26:00,2017-10-30 06:00:00,0.78,440.4,1430,0,0,0,0,0
796,2017-10-30 22:52:00,2017-10-31 05:43:00,0.62,390.59999999999997,7603,0,0,0,0,0
797,2017-10-31 23:29:00,2017-11-01 05:02:00,0.49,319.8,9304,0,0,0,0,0
798,2017-11-02 21:25:00,2017-11-03 06:21:00,0.74,513.6,5051,0,0,0,0,0
799,2017-11-03 23:23:00,2017-11-04 07:26:00,0.89,481.2,787,0,0,0,0,0
800,2017-11-05 22:30:00,2017-11-06 06:05:00,0.7,441.0,5504,0,0,0,0,0
801,2017-11-06 22:08:00,2017-11-07 05:58:00,0.75,449.40000000000003,3709,0,0,0,0,0
802,2017-11-07 21:01:00,2017-11-08 05:45:00,0.9,505.79999999999995,144,0,0,0,0,0
803,2017-11-08 23:11:00,2017-11-09 06:30:00,0.76,430.79999999999995,6094,0,0,0,0,0
804,2017-11-09 22:04:00,2017-11-10 07:15:00,0.96,546.5999999999999,847,0,0,0,0,0
805,2017-11-10 23:29:00,2017-11-11 07:21:00,0.83,450.59999999999997,5919,0,0,0,0,0
806,2017-11-11 23:06:00,2017-11-12 07:18:00,0.84,486.59999999999997,1751,0,0,0,0,0
807,2017-11-12 23:39:00,2017-11-13 08:30:00,0.79,510.0,3789,0,0,0,0,0
808,2017-11-14 21:16:00,2017-11-15 06:50:00,0.93,560.4,52,0,0,0,0,0
809,2017-11-15 21:23:00,2017-11-16 06:51:00,0.85,556.1999999999999,27,0,0,0,0,0
810,2017-11-16 22:33:00,2017-11-17 06:07:00,0.8,440.4,430,0,0,0,0,0
811,2017-11-17 23:08:00,2017-11-18 07:20:00,0.91,486.59999999999997,3281,0,0,0,0,0
812,2017-11-19 21:58:00,2017-11-20 06:02:00,0.82,482.4,4153,0,0,0,0,0
813,2017-11-20 22:26:00,2017-11-21 06:00:00,0.86,439.8,6494,0,0,0,0,0
814,2017-11-21 22:26:00,2017-11-22 05:57:00,0.68,438.59999999999997,9426,0,0,0,0,0
815,2017-11-22 22:34:00,2017-11-23 06:01:00,0.8,435.59999999999997,7565,0,0,0,0,0
816,2017-11-23 22:56:00,2017-11-24 06:30:00,0.8,439.8,5735,0,0,0,0,0
817,2017-11-25 23:14:00,2017-11-26 08:19:00,1.0,543.0,5116,0,0,0,0,0
818,2017-11-26 22:10:00,2017-11-27 06:05:00,0.63,453.0,27,0,0,0,0,0
819,2017-11-27 22:36:00,2017-11-28 05:58:00,0.73,433.2,0,0,0,0,0,0
820,2017-11-28 22:54:00,2017-11-29 06:09:00,0.8,428.4,6417,0,0,0,0,0
821,2017-11-29 22:33:00,2017-11-30 06:26:00,0.83,451.2,0,0,0,0,0,0
822,2017-11-30 20:54:00,2017-12-01 05:55:00,0.77,540.6,0,0,0,0,0,0
823,2017-12-03 23:10:00,2017-12-04 06:15:00,0.63,423.0,3400,0,0,0,0,0
824,2017-12-04 21:20:00,2017-12-05 05:50:00,0.7,497.4,6015,0,0,0,0,0
825,2017-12-05 22:56:00,2017-12-06 06:15:00,0.68,431.40000000000003,3179,0,0,0,0,0
826,2017-12-06 21:56:00,2017-12-07 05:50:00,0.63,451.8,6346,0,0,0,0,0
827,2017-12-07 22:04:00,2017-12-08 06:31:00,0.82,496.2,218,0,0,0,0,0
828,2017-12-09 23:39:00,2017-12-10 08:15:00,0.95,501.0,0,0,0,0,0,0
829,2017-12-10 22:16:00,2017-12-11 06:06:00,0.7,449.40000000000003,96,0,0,0,0,0
830,2017-12-11 21:47:00,2017-12-12 05:57:00,0.68,485.4,7339,0,0,0,0,0
831,2017-12-12 22:09:00,2017-12-13 05:55:00,0.72,447.0,6970,0,0,0,0,0
832,2017-12-14 22:47:00,2017-12-15 05:51:00,0.6,422.4,1566,0,0,0,0,0
833,2017-12-17 21:35:00,2017-12-18 06:08:00,0.8,499.8,5184,0,0,0,0,0
834,2017-12-18 21:39:00,2017-12-19 06:05:00,0.79,495.59999999999997,75,0,0,0,0,0
835,2017-12-19 22:05:00,2017-12-20 06:25:00,0.79,491.99999999999994,3088,0,0,0,0,0
836,2017-12-20 21:30:00,2017-12-21 05:52:00,0.59,493.20000000000005,4553,0,0,0,0,0
837,2017-12-21 22:10:00,2017-12-22 06:55:00,0.75,506.4,1306,0,0,0,0,0
838,2017-12-26 21:19:00,2017-12-27 07:55:00,0.97,621.0,373,0,0,0,0,0
839,2017-12-29 00:06:00,2017-12-29 07:57:00,0.75,450.0,5168,0,0,0,0,0
840,2017-12-29 22:00:00,2017-12-30 08:08:00,0.75,604.8,61,0,0,0,0,0
841,2018-01-01 21:30:00,2018-01-02 05:56:00,0.81,495.0,2544,0,0,0,0,0
842,2018-01-02 22:31:00,2018-01-03 05:48:00,0.76,430.2,475,0,0,0,0,0
843,2018-01-03 20:28:00,2018-01-04 03:40:00,0.0,0.0,47,0,0,0,0,0
844,2018-01-04 22:19:00,2018-01-05 07:25:00,0.91,543.0,5064,0,0,0,0,0
845,2018-01-06 23:13:00,2018-01-07 08:00:00,0.86,507.6,2101,0,0,0,0,0
846,2018-01-07 22:09:00,2018-01-08 06:10:00,0.83,480.59999999999997,1334,0,0,0,0,0
847,2018-01-08 22:53:00,2018-01-09 05:45:00,0.77,390.59999999999997,2262,0,0,0,0,0
848,2018-01-09 22:22:00,2018-01-10 06:23:00,0.9,480.59999999999997,4529,0,0,0,0,0
849,2018-01-10 21:31:00,2018-01-11 05:10:00,0.71,442.8,6224,0,0,0,0,0
850,2018-01-11 21:54:00,2018-01-12 05:01:00,0.7,423.59999999999997,47,0,0,0,0,0
851,2018-01-12 21:50:00,2018-01-13 07:38:00,0.7,568.8000000000001,6296,0,0,0,0,0
852,2018-01-13 22:07:00,2018-01-14 07:09:00,0.64,541.1999999999999,2405,0,0,0,0,0
853,2018-01-14 22:02:00,2018-01-15 05:50:00,0.73,448.8,9237,0,0,0,0,0
854,2018-01-15 22:45:00,2018-01-16 06:00:00,0.79,429.0,2818,0,0,0,0,0
855,2018-01-16 22:09:00,2018-01-17 06:01:00,0.71,450.59999999999997,5752,0,0,0,0,0
856,2018-01-17 22:45:00,2018-01-18 06:12:00,0.84,436.2,6631,0,0,0,0,0
857,2018-01-18 22:46:00,2018-01-19 06:48:00,0.59,481.2,9516,0,0,0,0,0
858,2018-01-19 22:21:00,2018-01-20 08:22:00,0.71,600.6,4454,0,0,0,0,0
859,2018-01-20 23:44:00,2018-01-21 07:01:00,0.67,430.2,7253,0,0,0,0,0
860,2018-01-21 22:04:00,2018-01-22 06:01:00,0.84,453.59999999999997,22,0,0,0,0,0
861,2018-01-22 23:15:00,2018-01-23 06:00:00,0.66,386.40000000000003,2334,0,0,0,0,0
862,2018-01-23 21:41:00,2018-01-24 06:00:00,0.73,490.79999999999995,2867,0,0,0,0,0
863,2018-01-24 20:58:00,2018-01-25 06:02:00,0.84,541.8,4881,0,0,0,0,0
864,2018-01-25 23:17:00,2018-01-26 06:00:00,0.72,385.79999999999995,2149,0,0,0,0,0
865,2018-01-26 22:13:00,2018-01-27 07:20:00,0.92,544.2,1720,0,0,0,0,0
866,2018-01-28 01:21:00,2018-01-28 08:49:00,0.81,436.2,6518,0,0,0,0,0
867,2018-01-28 21:30:00,2018-01-29 05:00:00,0.69,437.4,29,0,0,0,0,0
868,2018-01-29 21:37:00,2018-01-30 06:01:00,0.79,493.8,107,0,0,0,0,0
869,2018-01-30 22:18:00,2018-01-31 06:03:00,0.77,446.40000000000003,5277,0,0,0,0,0
870,2018-01-31 22:29:00,2018-02-01 06:02:00,0.72,439.20000000000005,1325,0,0,0,0,0
871,2018-02-01 21:25:00,2018-02-02 06:45:00,0.8,552.0,3319,0,0,0,0,0
872,2018-02-03 02:20:00,2018-02-03 07:44:00,0.65,313.8,4810,0,0,0,0,0
873,2018-02-03 08:32:00,2018-02-03 09:08:00,0.08,21.599999999999998,166,0,0,0,0,0
874,2018-02-03 22:29:00,2018-02-04 07:37:00,0.96,544.8,362,0,0,0,0,0
875,2018-02-04 23:09:00,2018-02-05 06:01:00,0.72,391.2,2528,0,0,0,0,0
876,2018-02-05 22:02:00,2018-02-06 06:00:00,0.78,454.8,7982,0,0,0,0,0
877,2018-02-06 21:44:00,2018-02-07 06:12:00,0.82,496.79999999999995,5039,0,0,0,0,0
878,2018-02-07 23:18:00,2018-02-08 06:48:00,0.73,437.4,2435,0,0,0,0,0
879,2018-02-08 22:41:00,2018-02-09 06:00:00,0.93,430.79999999999995,68,0,0,0,0,0
880,2018-02-09 23:07:00,2018-02-10 07:26:00,0.76,490.79999999999995,5598,0,0,0,0,0
881,2018-02-11 22:44:00,2018-02-12 07:08:00,0.91,494.40000000000003,1901,0,0,0,0,0
882,2018-02-12 21:54:00,2018-02-13 07:02:00,0.91,544.8,56,0,0,0,0,0
883,2018-02-13 23:49:00,2018-02-14 07:00:00,0.81,426.6,64,0,0,0,0,0
884,2018-02-14 21:24:00,2018-02-15 06:20:00,0.71,513.6,3316,0,0,0,0,0
885,2018-02-15 21:36:00,2018-02-16 06:50:00,0.8,547.8000000000001,6555,0,0,0,0,0
886,2018-02-16 22:52:00,2018-02-17 07:48:00,0.91,513.0,2291,0,0,0,0,0
